"Weather Station","month","Average Snow Fall","Average Snow Depth)","Average Maximum Snow Depth"
"Abries_rm",1,"71.07","59.90","84.47"
"Abries_rm",2,"57.31","73.30","96.15"
"Abries_rm",3,"77.60","96.13","127.80"
"Agnieres_en_devoluy",1,"53.75","20.92","41.95"
"Agnieres_en_devoluy",2,"53.75","30.99","50.38"
"Agnieres_en_devoluy",3,"37.03","16.34","35.18"
"Agnieres_en_devoluy",4,"18.02","2.52","16.18"
"Agnieres_en_devoluy",5,"3.42","0.09","2.14"
"Agnieres_en_devoluy",6,"0.00","0.00","0.00"
"Agnieres_en_devoluy",7,"0.00","0.00","0.00"
"Agnieres_en_devoluy",8,"0.00","0.00","0.00"
"Agnieres_en_devoluy",9,"0.00","0.00","0.00"
"Agnieres_en_devoluy",10,"4.74","0.16","2.86"
"Agnieres_en_devoluy",11,"21.15","2.28","12.65"
"Agnieres_en_devoluy",12,"45.40","11.91","31.09"
"Aiguines_sapc",11,"20.00","0.67","20.00"
"Albiez",1,"88.15","41.05","65.89"
"Albiez",2,"76.48","58.94","79.11"
"Albiez",3,"60.22","47.32","75.48"
"Albiez",4,"40.00","11.45","37.96"
"Albiez",5,"8.37","0.39","7.48"
"Albiez",6,"0.29","0.03","0.89"
"Albiez",7,"0.00","0.00","0.00"
"Albiez",8,"0.00","0.00","0.00"
"Albiez",9,"0.56","0.02","0.56"
"Albiez",10,"14.89","0.75","8.89"
"Albiez",11,"50.11","6.27","24.52"
"Albiez",12,"81.48","23.83","47.11"
"Allemond",1,"121.93","48.85","87.12"
"Allemond",2,"119.78","65.51","104.71"
"Allemond",3,"85.70","47.22","83.15"
"Allemond",4,"54.48","13.84","48.05"
"Allemond",5,"5.45","0.41","6.00"
"Allemond",10,"10.02","0.52","4.50"
"Allemond",11,"62.95","7.58","35.76"
"Allemond",12,"108.32","28.85","62.63"
"Allos",1,"64.75","34.29","53.00"
"Allos",2,"46.75","36.94","57.00"
"Allos",3,"27.00","21.15","46.00"
"Allos",4,"16.50","1.10","8.00"
"Allos",5,"0.00","0.00","0.00"
"Allos",6,"0.00","0.00","0.00"
"Allos",7,"0.00","0.00","0.00"
"Allos",8,"0.00","0.00","0.00"
"Allos",9,"0.00","0.00","0.00"
"Allos",10,"3.67","0.12","3.67"
"Allos",11,"10.60","0.89","9.00"
"Allos",12,"55.75","17.00","35.25"
"Alpe_d_huez",1,"105.20","63.01","91.75"
"Alpe_d_huez",2,"108.50","84.10","118.25"
"Alpe_d_huez",3,"71.85","77.44","113.05"
"Alpe_d_huez",4,"61.35","46.23","79.35"
"Alpe_d_huez",5,"9.10","2.97","19.70"
"Alpe_d_huez",6,"0.00","0.00","0.00"
"Alpe_d_huez",7,"0.00","0.00","0.00"
"Alpe_d_huez",8,"0.00","0.00","0.00"
"Alpe_d_huez",9,"0.78","0.03","0.56"
"Alpe_d_huez",10,"10.85","0.45","5.35"
"Alpe_d_huez",11,"69.50","9.44","36.35"
"Alpe_d_huez",12,"99.60","31.97","62.85"
"Ancelle",1,"43.85","19.07","34.54"
"Ancelle",2,"39.36","28.51","42.55"
"Ancelle",3,"20.71","11.44","27.14"
"Ancelle",4,"14.84","1.08","9.21"
"Ancelle",5,"0.74","0.02","0.47"
"Ancelle",6,"0.00","0.00","0.00"
"Ancelle",7,"0.00","0.00","0.00"
"Ancelle",8,"0.00","0.00","0.00"
"Ancelle",9,"0.00","0.00","0.00"
"Ancelle",10,"2.10","0.03","0.86"
"Ancelle",11,"22.68","1.97","13.84"
"Ancelle",12,"45.06","10.34","27.69"
"Antibes_garoupe",1,"0.00","0.00","0.00"
"Antibes_garoupe",2,"0.00","0.00","0.00"
"Antibes_garoupe",3,"0.00","0.00","0.00"
"Antibes_garoupe",4,"0.00","0.00","0.00"
"Antibes_garoupe",5,"0.00","0.00","0.00"
"Antibes_garoupe",6,"0.00","0.00","0.00"
"Antibes_garoupe",7,"0.00","0.00","0.00"
"Antibes_garoupe",9,"0.00","0.00","0.00"
"Antibes_garoupe",10,"0.00","0.00","0.00"
"Antibes_garoupe",12,"0.00","0.00","0.00"
"Areches",1,"130.36","61.07","96.32"
"Areches",2,"110.96","91.87","122.60"
"Areches",3,"80.52","83.39","117.52"
"Areches",11,"62.00","4.17","23.00"
"Areches",12,"144.44","39.72","73.22"
"Arvieux_la_chalp",1,"72.20","48.39","72.98"
"Arvieux_la_chalp",2,"63.57","60.19","80.65"
"Arvieux_la_chalp",3,"52.52","48.97","76.52"
"Arvieux_la_chalp",4,"36.14","16.93","42.40"
"Arvieux_la_chalp",5,"5.83","1.16","7.98"
"Arvieux_la_chalp",6,"1.11","0.00","0.00"
"Arvieux_la_chalp",7,"0.00","0.00","0.00"
"Arvieux_la_chalp",8,"0.00","0.00","0.00"
"Arvieux_la_chalp",9,"0.58","0.01","0.16"
"Arvieux_la_chalp",10,"14.08","0.78","9.97"
"Arvieux_la_chalp",11,"38.65","5.95","21.55"
"Arvieux_la_chalp",12,"68.71","24.31","47.33"
"Auris",1,"18.43","6.47","16.71"
"Auris",2,"20.86","6.49","17.14"
"Auris",3,"8.67","1.26","7.73"
"Auris",4,"8.64","0.43","6.14"
"Auris",12,"21.89","4.48","16.78"
"Auris_en_oisans",1,"90.71","48.98","82.33"
"Auris_en_oisans",2,"77.08","66.71","92.17"
"Auris_en_oisans",3,"62.84","49.46","80.68"
"Auron",1,"83.04","73.72","104.92"
"Auron",2,"67.38","97.62","123.88"
"Auron",3,"53.00","91.96","122.21"
"Auron",12,"87.00","67.00","96.00"
"Aussois",1,"94.27","65.46","90.09"
"Aussois",2,"73.82","86.59","108.27"
"Aussois",3,"71.77","88.05","115.18"
"Aussois_clim",1,"70.75","37.39","59.63"
"Aussois_clim",2,"63.14","46.90","70.47"
"Aussois_clim",3,"45.15","24.70","50.33"
"Aussois_clim",4,"23.67","3.70","20.93"
"Aussois_clim",5,"6.24","0.20","4.19"
"Aussois_clim",6,"0.25","0.03","0.80"
"Aussois_clim",7,"0.00","0.00","0.00"
"Aussois_clim",8,"0.00","0.00","0.00"
"Aussois_clim",9,"0.73","0.03","0.59"
"Aussois_clim",10,"7.39","0.33","4.56"
"Aussois_clim",11,"38.74","3.85","20.15"
"Aussois_clim",12,"74.89","20.46","43.31"
"Autrans",1,"63.09","28.65","50.74"
"Autrans",2,"59.36","34.69","57.62"
"Autrans",3,"53.44","26.43","55.00"
"Autrans",4,"30.07","6.73","26.07"
"Autrans",5,"2.91","0.26","3.60"
"Autrans",6,"0.18","0.01","0.13"
"Autrans",7,"0.00","0.00","0.00"
"Autrans",8,"0.00","0.00","0.00"
"Autrans",9,"0.19","0.01","0.11"
"Autrans",10,"5.29","0.42","4.33"
"Autrans",11,"36.16","5.14","24.55"
"Autrans",12,"53.48","16.43","39.69"
"Autrans_nivo",1,"85.40","52.22","78.80"
"Autrans_nivo",2,"99.25","82.59","109.50"
"Autrans_nivo",3,"64.00","111.47","160.00"
"Avoriaz",1,"172.88","123.88","167.53"
"Avoriaz",2,"151.82","171.43","211.94"
"Avoriaz",3,"137.50","190.88","228.28"
"Avoriaz",4,"122.25","158.84","206.50"
"Avoriaz",12,"137.25","55.50","94.25"
"Ayze",1,"11.10","1.29","7.41"
"Ayze",2,"9.72","1.26","5.97"
"Ayze",3,"2.54","0.16","2.04"
"Ayze",4,"1.12","0.04","1.12"
"Ayze",5,"0.00","0.00","0.00"
"Ayze",6,"0.00","0.00","0.00"
"Ayze",7,"0.00","0.00","0.00"
"Ayze",8,"0.00","0.00","0.00"
"Ayze",9,"0.00","0.00","0.00"
"Ayze",10,"0.00","0.00","0.00"
"Ayze",11,"4.96","0.24","2.79"
"Ayze",12,"10.59","1.35","7.28"
"Beaufort_sur_doron",1,"85.62","34.77","60.07"
"Beaufort_sur_doron",2,"76.90","47.71","74.18"
"Beaufort_sur_doron",3,"52.45","30.38","55.55"
"Beaufort_sur_doron",4,"28.80","6.72","25.83"
"Beaufort_sur_doron",5,"3.63","0.35","4.27"
"Beaufort_sur_doron",6,"0.13","0.01","0.33"
"Beaufort_sur_doron",7,"0.00","0.00","0.00"
"Beaufort_sur_doron",8,"0.00","0.00","0.00"
"Beaufort_sur_doron",9,"0.00","0.00","0.00"
"Beaufort_sur_doron",10,"6.27","0.28","3.83"
"Beaufort_sur_doron",11,"43.38","4.65","23.18"
"Beaufort_sur_doron",12,"79.85","20.71","45.87"
"Bernex",1,"110.17","64.45","90.67"
"Bernex",2,"116.92","87.24","113.00"
"Bernex",3,"84.38","80.87","108.63"
"Bessans",1,"92.56","65.70","88.24"
"Bessans",2,"84.68","85.69","107.24"
"Bessans",3,"68.68","86.73","109.20"
"Bessans",4,"42.20","35.15","72.64"
"Bessans",5,"15.13","1.11","13.81"
"Bessans",6,"0.29","0.13","2.24"
"Bessans",7,"0.00","0.00","0.00"
"Bessans",8,"0.00","0.00","0.00"
"Bessans",9,"0.88","0.03","0.75"
"Bessans",10,"17.65","1.37","11.35"
"Bessans",11,"51.44","10.18","30.50"
"Bessans",12,"93.12","37.49","63.12"
"Bessans_clim",1,"98.02","71.13","93.40"
"Bessans_clim",2,"95.20","93.48","117.62"
"Bessans_clim",3,"73.13","92.91","117.40"
"Bessans_clim",4,"57.75","48.16","90.77"
"Bessans_clim",5,"14.95","3.61","20.77"
"Bessans_clim",6,"1.15","0.08","1.92"
"Bessans_clim",7,"0.10","0.00","0.10"
"Bessans_clim",8,"0.17","0.00","0.00"
"Bessans_clim",9,"2.28","0.10","2.10"
"Bessans_clim",10,"17.67","1.42","10.05"
"Bessans_clim",11,"65.68","13.01","35.42"
"Bessans_clim",12,"101.33","41.53","68.65"
"Besse",1,"68.95","34.38","56.26"
"Besse",2,"55.47","42.55","64.16"
"Besse",3,"44.47","18.59","48.47"
"Besse",4,"20.12","0.97","12.24"
"Besse",5,"6.74","0.29","5.68"
"Besse",6,"0.00","0.00","0.13"
"Besse",7,"0.00","0.00","0.00"
"Besse",8,"0.00","0.00","0.00"
"Besse",9,"0.14","0.01","0.14"
"Besse",10,"11.05","0.44","6.37"
"Besse",11,"38.06","3.75","19.28"
"Besse",12,"63.72","18.27","39.11"
"Beuil_obs",1,"51.50","22.19","43.25"
"Beuil_obs",2,"44.65","33.22","49.18"
"Beuil_obs",3,"15.29","12.36","33.14"
"Beuil_obs",4,"15.23","1.44","11.69"
"Beuil_obs",5,"0.58","0.05","1.58"
"Beuil_obs",6,"0.00","0.01","0.17"
"Beuil_obs",7,"0.00","0.00","0.00"
"Beuil_obs",8,"0.00","0.00","0.00"
"Beuil_obs",9,"0.00","0.00","0.00"
"Beuil_obs",10,"1.46","0.05","1.46"
"Beuil_obs",11,"11.18","1.02","7.06"
"Beuil_obs",12,"34.81","12.53","29.19"
"Boege",1,"7.00","0.23","7.00"
"Boege",5,"0.00","0.00","0.00"
"Boege",10,"0.00","0.00","0.00"
"Boege",11,"0.00","0.00","0.00"
"Boege",12,"0.00","0.00","0.00"
"Bonneval_sur_arc",1,"98.48","78.67","105.08"
"Bonneval_sur_arc",2,"77.67","100.26","123.96"
"Bonneval_sur_arc",3,"74.46","104.37","131.17"
"Bonneval_sur_arc",4,"40.08","54.22","93.08"
"Bourg_d_oisans",1,"22.29","6.78","18.14"
"Bourg_d_oisans",2,"23.86","7.95","18.00"
"Bourg_d_oisans",3,"13.14","2.12","10.29"
"Bourg_d_oisans",4,"8.14","0.43","7.00"
"Bourg_d_oisans",5,"0.00","0.00","0.00"
"Bourg_d_oisans",6,"0.00","0.00","0.00"
"Bourg_d_oisans",7,"0.00","0.00","0.00"
"Bourg_d_oisans",8,"0.00","0.00","0.00"
"Bourg_d_oisans",9,"0.00","0.00","0.00"
"Bourg_d_oisans",10,"0.00","0.00","0.00"
"Bourg_d_oisans",11,"14.17","1.26","9.33"
"Bourg_d_oisans",12,"18.50","4.12","14.00"
"Bourg_st_maurice",1,"84.75","29.72","52.75"
"Bourg_st_maurice",2,"75.68","32.46","56.86"
"Bourg_st_maurice",3,"28.96","9.37","31.54"
"Bourg_st_maurice",4,"9.71","0.46","5.79"
"Bourg_st_maurice",5,"1.42","0.05","1.00"
"Bourg_st_maurice",6,"0.04","0.02","0.50"
"Bourg_st_maurice",7,"0.00","0.00","0.00"
"Bourg_st_maurice",8,"0.00","0.00","0.00"
"Bourg_st_maurice",9,"0.00","0.00","0.00"
"Bourg_st_maurice",10,"1.91","0.08","1.39"
"Bourg_st_maurice",11,"24.20","2.20","14.96"
"Bourg_st_maurice",12,"82.00","17.93","41.76"
"Bouvante",1,"50.86","17.98","40.88"
"Bouvante",2,"54.64","22.51","44.17"
"Bouvante",3,"47.31","15.90","42.88"
"Bouvante",4,"30.36","4.54","25.14"
"Bouvante",5,"2.81","0.25","3.32"
"Bouvante",6,"0.00","0.00","0.00"
"Bouvante",7,"0.00","0.00","0.00"
"Bouvante",8,"0.00","0.00","0.00"
"Bouvante",9,"0.02","0.00","0.00"
"Bouvante",10,"7.73","0.60","5.66"
"Bouvante",11,"34.68","4.53","21.81"
"Bouvante",12,"43.66","11.97","33.25"
"Bozel",1,"50.35","23.18","39.94"
"Bozel",2,"36.68","31.41","43.76"
"Bozel",3,"20.44","15.13","34.06"
"Bozel",4,"6.09","0.60","6.26"
"Bozel",5,"0.12","0.00","0.12"
"Bozel",6,"0.00","0.00","0.11"
"Bozel",7,"0.00","0.00","0.00"
"Bozel",8,"0.00","0.00","0.00"
"Bozel",9,"0.00","0.00","0.00"
"Bozel",10,"0.71","0.03","0.53"
"Bozel",11,"20.12","2.35","13.06"
"Bozel",12,"40.71","10.69","27.50"
"Briancon",1,"68.67","25.15","49.14"
"Briancon",2,"51.97","29.01","49.97"
"Briancon",3,"32.69","10.38","34.31"
"Briancon",4,"15.11","0.87","11.03"
"Briancon",5,"1.03","0.03","0.67"
"Briancon",6,"0.00","0.00","0.00"
"Briancon",7,"0.00","0.00","0.00"
"Briancon",8,"0.00","0.00","0.00"
"Briancon",9,"0.14","0.00","0.14"
"Briancon",10,"4.49","0.22","3.31"
"Briancon",11,"25.53","2.71","15.50"
"Briancon",12,"50.81","9.75","30.81"
"Cap_ferrat",1,"0.00","0.00","0.00"
"Cap_ferrat",2,"0.00","0.00","0.00"
"Cap_ferrat",7,"0.00","0.00","0.00"
"Cap_ferrat",12,"0.00","0.00","0.00"
"Carpentras",1,"1.13","0.06","1.00"
"Carpentras",2,"0.81","0.04","0.69"
"Carpentras",3,"0.69","0.05","0.94"
"Carpentras",4,"0.00","0.00","0.00"
"Carpentras",5,"0.00","0.00","0.00"
"Carpentras",6,"0.00","0.00","0.00"
"Carpentras",7,"0.00","0.00","0.00"
"Carpentras",8,"0.00","0.00","0.00"
"Carpentras",9,"0.00","0.00","0.00"
"Carpentras",10,"0.00","0.00","0.00"
"Carpentras",11,"0.13","0.01","0.13"
"Carpentras",12,"0.50","0.02","0.50"
"Ceillac",1,"56.65","32.69","47.42"
"Ceillac",2,"53.69","36.81","52.08"
"Ceillac",3,"41.25","21.87","47.32"
"Ceillac",4,"30.63","3.21","20.33"
"Ceillac",5,"3.27","0.14","2.92"
"Ceillac",6,"0.41","0.02","0.47"
"Ceillac",7,"0.00","0.00","0.00"
"Ceillac",8,"0.00","0.00","0.00"
"Ceillac",9,"0.16","0.00","0.05"
"Ceillac",10,"13.12","0.69","9.00"
"Ceillac",11,"31.93","3.63","15.44"
"Ceillac",12,"52.41","16.50","31.22"
"Ceillac_nivo",1,"59.36","32.97","48.72"
"Ceillac_nivo",2,"54.24","38.63","54.40"
"Ceillac_nivo",3,"42.28","23.83","49.96"
"Ceillac_nivo",4,"28.94","4.36","23.38"
"Ceillac_nivo",5,"3.80","0.15","3.47"
"Ceillac_nivo",6,"0.33","0.03","0.43"
"Ceillac_nivo",7,"0.00","0.00","0.00"
"Ceillac_nivo",8,"0.00","0.00","0.00"
"Ceillac_nivo",9,"0.11","0.00","0.11"
"Ceillac_nivo",10,"12.71","0.86","10.29"
"Ceillac_nivo",11,"32.89","3.85","17.61"
"Ceillac_nivo",12,"51.90","17.62","32.24"
"Cervieres",1,"30.50","15.58","25.50"
"Cervieres",2,"35.75","38.04","47.00"
"Cervieres",3,"35.17","21.35","33.67"
"Cervieres",4,"9.50","6.54","21.50"
"Cervieres",5,"3.14","0.10","3.14"
"Cervieres",6,"0.00","0.00","0.00"
"Cervieres",7,"0.00","0.00","0.00"
"Cervieres",8,"0.00","0.00","0.00"
"Cervieres",9,"0.00","0.00","0.00"
"Cervieres",10,"12.17","0.80","9.17"
"Cervieres",11,"12.50","1.32","10.00"
"Cervieres",12,"32.33","10.15","23.00"
"Chambery_aix",1,"5.12","0.46","3.85"
"Chambery_aix",2,"2.58","0.27","2.58"
"Chambery_aix",3,"0.73","0.02","0.62"
"Chambery_aix",4,"0.19","0.02","0.38"
"Chambery_aix",5,"0.00","0.00","0.00"
"Chambery_aix",6,"0.00","0.04","0.88"
"Chambery_aix",7,"0.00","0.00","0.00"
"Chambery_aix",8,"0.00","0.00","0.00"
"Chambery_aix",9,"0.00","0.00","0.00"
"Chambery_aix",10,"0.00","0.00","0.00"
"Chambery_aix",11,"2.60","0.06","0.92"
"Chambery_aix",12,"5.54","0.67","4.79"
"Chamonix",1,"67.48","35.12","56.27"
"Chamonix",2,"57.62","44.91","65.88"
"Chamonix",3,"35.63","23.64","45.92"
"Chamonix",4,"19.15","2.88","15.85"
"Chamonix",5,"1.59","0.08","1.78"
"Chamonix",6,"0.00","0.00","0.00"
"Chamonix",7,"0.00","0.00","0.00"
"Chamonix",8,"0.00","0.00","0.00"
"Chamonix",9,"0.30","0.01","0.19"
"Chamonix",10,"3.51","0.16","2.35"
"Chamonix",11,"30.51","3.33","16.13"
"Chamonix",12,"60.43","18.08","39.22"
"Chamonix_obs",1,"57.20","26.00","45.60"
"Chamonix_obs",2,"47.67","30.92","47.46"
"Chamonix_obs",3,"19.00","13.34","32.21"
"Chamonix_obs",4,"13.48","0.69","8.16"
"Chamonix_obs",5,"0.89","0.05","1.07"
"Chamonix_obs",6,"0.00","0.00","0.00"
"Chamonix_obs",7,"0.00","0.00","0.00"
"Chamonix_obs",8,"0.00","0.00","0.00"
"Chamonix_obs",9,"0.00","0.00","0.00"
"Chamonix_obs",10,"1.80","0.08","1.56"
"Chamonix_obs",11,"25.83","2.76","15.50"
"Chamonix_obs",12,"47.84","13.64","32.64"
"Chamrousse_arselle",1,"115.96","57.27","88.08"
"Chamrousse_arselle",2,"100.88","81.74","109.16"
"Chamrousse_arselle",3,"85.05","88.28","119.00"
"Chamrousse_arselle",12,"35.00","62.10","111.00"
"Chamrousse_niverolles",1,"119.00","105.32","142.27"
"Chamrousse_niverolles",2,"103.00","149.78","181.29"
"Chamrousse_niverolles",3,"108.33","171.32","202.93"
"Chapelle_en_valgaudemar",1,"71.18","33.90","59.04"
"Chapelle_en_valgaudemar",2,"67.59","50.44","73.76"
"Chapelle_en_valgaudemar",3,"46.65","36.63","62.88"
"Chapelle_en_valgaudemar",4,"23.76","7.90","29.88"
"Chapelle_en_valgaudemar",5,"2.44","0.08","1.88"
"Chapelle_en_valgaudemar",6,"0.00","0.00","0.00"
"Chapelle_en_valgaudemar",7,"0.00","0.00","0.00"
"Chapelle_en_valgaudemar",8,"0.00","0.00","0.00"
"Chapelle_en_valgaudemar",9,"0.00","0.00","0.00"
"Chapelle_en_valgaudemar",10,"5.36","0.23","3.44"
"Chapelle_en_valgaudemar",11,"28.61","3.25","17.59"
"Chapelle_en_valgaudemar",12,"58.10","16.48","39.04"
"Chapelle_en_ver",1,"49.50","5.44","42.50"
"Chapelle_en_ver",2,"10.00","0.36","10.00"
"Chapelle_en_ver",11,"7.50","0.25","5.00"
"Chapelle_en_ver",12,"22.00","0.76","20.00"
"Chateau_ville_vieille",1,"36.17","22.76","37.83"
"Chateau_ville_vieille",2,"43.75","27.63","45.42"
"Chateau_ville_vieille",3,"27.21","8.80","33.33"
"Chateau_ville_vieille",4,"9.81","0.44","6.15"
"Chateau_ville_vieille",5,"0.24","0.03","0.76"
"Chateau_ville_vieille",6,"0.00","0.00","0.07"
"Chateau_ville_vieille",7,"0.00","0.00","0.00"
"Chateau_ville_vieille",8,"0.00","0.00","0.00"
"Chateau_ville_vieille",9,"0.00","0.00","0.00"
"Chateau_ville_vieille",10,"4.27","0.26","3.62"
"Chateau_ville_vieille",11,"13.15","1.22","7.85"
"Chateau_ville_vieille",12,"41.46","12.32","30.19"
"Chatel",1,"83.92","40.00","64.67"
"Chatel",2,"86.47","59.85","84.08"
"Chatel",3,"59.44","40.34","71.67"
"Chatel",4,"37.64","9.12","32.25"
"Chatel",5,"6.50","0.25","4.03"
"Chatel",6,"0.19","0.01","0.25"
"Chatel",7,"0.00","0.00","0.00"
"Chatel",8,"0.00","0.00","0.00"
"Chatel",9,"0.00","0.00","0.00"
"Chatel",10,"5.34","0.26","3.23"
"Chatel",11,"44.57","4.84","21.71"
"Chatel",12,"73.28","19.95","41.39"
"Chatel_nivo_74063405",1,"150.15","99.59","139.85"
"Chatel_nivo_74063405",2,"138.07","144.67","181.20"
"Chatel_nivo_74063405",3,"124.31","140.49","177.00"
"Clusaz_la_",1,"93.23","39.79","66.77"
"Clusaz_la_",2,"89.61","59.33","86.29"
"Clusaz_la_",3,"59.58","42.56","73.71"
"Clusaz_la_",4,"39.74","8.52","33.87"
"Clusaz_la_",5,"4.48","0.22","4.00"
"Clusaz_la_",6,"0.00","0.00","0.06"
"Clusaz_la_",7,"0.00","0.00","0.00"
"Clusaz_la_",8,"0.00","0.00","0.00"
"Clusaz_la_",9,"0.33","0.01","0.33"
"Clusaz_la_",10,"7.97","0.45","5.23"
"Clusaz_la_",11,"51.23","5.94","27.03"
"Clusaz_la_",12,"88.94","23.85","50.74"
"Col_de_l_arzelier",2,"47.00","45.85","60.00"
"Col_de_porte",1,"118.86","72.17","105.51"
"Col_de_porte",2,"108.75","106.72","139.19"
"Col_de_porte",3,"97.64","108.89","142.83"
"Col_de_porte",4,"63.05","67.84","109.49"
"Col_de_porte",5,"10.15","15.59","40.29"
"Col_de_porte",6,"0.00","0.00","0.00"
"Col_de_porte",7,"0.00","0.00","0.00"
"Col_de_porte",8,"0.00","0.00","0.00"
"Col_de_porte",9,"0.00","0.00","0.00"
"Col_de_porte",10,"20.45","1.89","10.77"
"Col_de_porte",11,"67.07","9.96","36.93"
"Col_de_porte",12,"99.85","39.21","69.64"
"Col_du_barioz",1,"143.50","53.47","100.00"
"Col_du_barioz",2,"144.75","82.00","107.50"
"Col_du_barioz",3,"79.00","124.79","180.00"
"Col_du_rousset",1,"94.38","44.26","77.25"
"Col_du_rousset",2,"101.85","65.03","85.85"
"Col_du_rousset",3,"85.00","37.36","81.20"
"Col_du_rousset",12,"129.00","49.59","80.00"
"Combloux",1,"82.38","28.80","54.71"
"Combloux",2,"79.96","40.10","61.83"
"Combloux",3,"41.58","23.51","49.75"
"Combloux",4,"30.67","2.86","17.25"
"Combloux",5,"2.58","0.16","3.08"
"Combloux",6,"0.00","0.00","0.00"
"Combloux",7,"0.00","0.00","0.00"
"Combloux",8,"0.00","0.00","0.00"
"Combloux",9,"0.06","0.00","0.06"
"Combloux",10,"4.84","0.21","3.48"
"Combloux",11,"36.96","3.70","18.48"
"Combloux",12,"71.46","16.58","39.13"
"Contamines_mj",1,"86.74","31.28","53.72"
"Contamines_mj",2,"73.75","40.73","62.09"
"Contamines_mj",3,"55.58","25.39","49.26"
"Contamines_mj",4,"32.07","4.67","22.16"
"Contamines_mj",5,"5.47","0.25","4.57"
"Contamines_mj",6,"0.20","0.02","0.40"
"Contamines_mj",7,"0.00","0.00","0.00"
"Contamines_mj",8,"0.00","0.00","0.00"
"Contamines_mj",9,"0.27","0.16","1.53"
"Contamines_mj",10,"8.98","0.48","5.00"
"Contamines_mj",11,"39.12","3.85","19.60"
"Contamines_mj",12,"76.19","16.57","38.02"
"Corps",1,"33.66","5.27","18.90"
"Corps",2,"19.69","5.44","16.28"
"Corps",3,"12.72","1.48","9.83"
"Corps",4,"8.21","0.45","5.79"
"Corps",5,"1.24","0.06","1.24"
"Corps",6,"0.00","0.00","0.00"
"Corps",7,"0.00","0.00","0.00"
"Corps",8,"0.00","0.00","0.00"
"Corps",9,"0.00","0.00","0.00"
"Corps",10,"0.89","0.03","0.61"
"Corps",11,"14.21","1.09","9.33"
"Corps",12,"20.57","2.59","15.43"
"Courchevel",1,"118.88","82.69","113.72"
"Courchevel",2,"106.24","114.98","141.28"
"Courchevel",3,"85.44","123.25","149.80"
"Courchevel",4,"51.26","83.46","116.89"
"Courchevel",6,"0.08","0.03","0.85"
"Courchevel",7,"0.22","0.01","0.22"
"Courchevel",8,"0.00","0.00","0.00"
"Courchevel",9,"1.15","0.04","0.77"
"Courchevel",10,"21.23","1.37","12.23"
"Courchevel",11,"56.17","11.48","30.75"
"Courchevel",12,"102.44","45.29","72.72"
"Embrun",1,"34.38","5.69","20.00"
"Embrun",2,"33.50","8.24","24.08"
"Embrun",3,"9.08","1.45","10.42"
"Embrun",4,"2.58","0.15","2.33"
"Embrun",5,"0.00","0.00","0.00"
"Embrun",6,"0.00","0.00","0.00"
"Embrun",9,"0.00","0.00","0.00"
"Embrun",10,"0.00","0.00","0.00"
"Embrun",11,"3.85","0.21","3.08"
"Embrun",12,"16.38","1.93","7.08"
"Estenc",1,"85.27","50.66","80.27"
"Estenc",2,"69.75","44.29","69.33"
"Estenc",3,"52.20","31.84","68.60"
"Estenc",4,"105.67","16.10","56.67"
"Estenc",6,"0.00","0.00","0.00"
"Estenc",7,"0.00","0.00","0.00"
"Estenc",8,"0.00","0.00","0.00"
"Estenc",9,"0.00","0.00","0.00"
"Estenc",12,"176.00","60.56","126.50"
"Flaine",1,"149.17","73.56","116.38"
"Flaine",2,"133.34","104.53","139.31"
"Flaine",3,"113.70","95.39","136.89"
"Flaine",4,"93.08","57.03","101.08"
"Flaine",12,"47.00","54.84","87.00"
"Font_d_urle",1,"107.31","47.56","79.69"
"Font_d_urle",2,"108.92","75.96","98.08"
"Font_d_urle",3,"79.85","72.30","110.00"
"Font_d_urle",4,"36.31","25.10","60.00"
"Font_d_urle",10,"34.00","1.39","30.00"
"Font_d_urle",11,"47.64","6.75","33.29"
"Font_d_urle",12,"74.54","28.14","55.38"
"Freissinieres",1,"101.43","55.46","86.71"
"Freissinieres",2,"39.86","68.24","84.00"
"Freissinieres",3,"17.83","32.06","65.00"
"Freissinieres",4,"15.33","1.80","16.00"
"Freissinieres",5,"0.00","0.00","0.00"
"Freissinieres",6,"0.00","0.00","0.00"
"Freissinieres",9,"0.00","0.00","0.00"
"Freissinieres",10,"2.78","0.23","2.78"
"Freissinieres",11,"28.22","3.53","16.67"
"Freissinieres",12,"50.13","17.63","34.88"
"Gap_bayard",1,"71.22","24.15","48.00"
"Gap_bayard",2,"49.10","35.77","49.90"
"Gap_bayard",12,"46.00","24.03","45.00"
"Gets_les_",1,"103.55","49.64","79.46"
"Gets_les_",2,"99.84","69.54","100.41"
"Gets_les_",3,"70.95","56.59","86.36"
"Gets_les_",4,"42.82","22.21","49.52"
"Gets_les_",5,"5.27","1.43","7.64"
"Gets_les_",6,"0.09","0.01","0.30"
"Gets_les_",7,"0.00","0.00","0.00"
"Gets_les_",8,"0.00","0.00","0.00"
"Gets_les_",9,"0.41","0.00","0.14"
"Gets_les_",10,"12.51","0.93","6.77"
"Gets_les_",11,"59.32","6.68","30.00"
"Gets_les_",12,"99.98","28.00","55.95"
"Glandage_sapc",1,"37.80","5.88","18.60"
"Glandage_sapc",2,"11.50","0.75","8.00"
"Glandage_sapc",3,"5.00","0.68","5.00"
"Glandage_sapc",4,"25.50","1.10","16.50"
"Glandage_sapc",5,"0.00","0.00","0.00"
"Glandage_sapc",6,"0.00","0.00","0.00"
"Glandage_sapc",7,"0.00","0.00","0.00"
"Glandage_sapc",8,"0.00","0.00","0.00"
"Glandage_sapc",9,"0.00","0.00","0.00"
"Glandage_sapc",10,"1.50","0.05","1.50"
"Glandage_sapc",11,"15.20","1.81","11.60"
"Glandage_sapc",12,"20.75","2.09","17.75"
"Grand_bornand",1,"128.64","58.21","92.00"
"Grand_bornand",2,"122.39","81.77","115.64"
"Grand_bornand",3,"84.25","65.45","103.07"
"Grand_bornand",4,"54.39","19.45","53.46"
"Grand_bornand",5,"7.64","0.46","6.50"
"Grand_bornand",6,"0.19","0.01","0.38"
"Grand_bornand",7,"0.00","0.00","0.00"
"Grand_bornand",8,"0.00","0.00","0.00"
"Grand_bornand",9,"0.61","0.02","0.61"
"Grand_bornand",10,"13.89","0.70","7.30"
"Grand_bornand",11,"71.07","7.73","32.63"
"Grand_bornand",12,"118.81","31.46","62.70"
"Grande_chartreuse",1,"73.31","25.65","49.47"
"Grande_chartreuse",2,"73.57","32.41","57.12"
"Grande_chartreuse",3,"65.17","24.05","53.53"
"Grande_chartreuse",4,"42.90","7.61","30.56"
"Grande_chartreuse",5,"4.52","0.33","4.43"
"Grande_chartreuse",6,"0.02","0.00","0.02"
"Grande_chartreuse",7,"0.00","0.00","0.00"
"Grande_chartreuse",8,"0.00","0.00","0.00"
"Grande_chartreuse",9,"0.03","0.00","0.00"
"Grande_chartreuse",10,"7.90","0.55","5.33"
"Grande_chartreuse",11,"43.42","5.77","26.27"
"Grande_chartreuse",12,"65.49","16.79","40.80"
"Grenoble_st_geoirs",1,"13.38","1.35","10.63"
"Grenoble_st_geoirs",2,"11.11","0.99","5.89"
"Grenoble_st_geoirs",3,"4.38","0.33","4.75"
"Grenoble_st_geoirs",4,"0.00","0.01","0.25"
"Grenoble_st_geoirs",5,"0.00","0.00","0.00"
"Grenoble_st_geoirs",6,"0.00","0.00","0.00"
"Grenoble_st_geoirs",7,"0.00","0.00","0.00"
"Grenoble_st_geoirs",8,"0.00","0.00","0.00"
"Grenoble_st_geoirs",9,"0.00","0.00","0.00"
"Grenoble_st_geoirs",10,"0.14","0.00","0.14"
"Grenoble_st_geoirs",11,"4.50","0.15","1.63"
"Grenoble_st_geoirs",12,"12.75","1.38","10.75"
"Greolieres",3,"10.00","68.87","120.00"
"Gresse",1,"82.93","26.82","52.56"
"Gresse",2,"70.25","38.49","60.65"
"Gresse",3,"51.95","29.71","55.64"
"Gresse",4,"26.30","6.60","25.48"
"Gresse",5,"3.18","0.21","3.45"
"Gresse",6,"0.00","0.00","0.00"
"Gresse",7,"0.00","0.00","0.00"
"Gresse",8,"0.00","0.00","0.00"
"Gresse",9,"0.00","0.00","0.00"
"Gresse",10,"4.95","0.26","2.81"
"Gresse",11,"40.31","4.51","22.85"
"Gresse",12,"64.25","15.93","37.45"
"Gresse_en_vercors",1,"88.90","33.64","58.10"
"Gresse_en_vercors",2,"71.00","36.46","52.63"
"Gresse_en_vercors",3,"39.20","31.45","61.20"
"Hauteluce",1,"119.02","70.13","104.44"
"Hauteluce",2,"107.09","99.54","133.34"
"Hauteluce",3,"76.58","85.64","120.81"
"Hauteluce",4,"44.32","37.20","72.42"
"Hauteluce",5,"7.65","2.56","13.95"
"Hauteluce",6,"0.25","0.02","0.56"
"Hauteluce",7,"0.00","0.00","0.00"
"Hauteluce",8,"0.00","0.00","0.00"
"Hauteluce",9,"0.44","0.02","0.26"
"Hauteluce",10,"12.81","0.91","7.54"
"Hauteluce",11,"59.65","8.44","33.25"
"Hauteluce",12,"109.02","37.78","69.49"
"Houches_les_",1,"49.42","24.81","43.08"
"Houches_les_",2,"55.58","36.45","56.58"
"Houches_les_",3,"24.23","17.56","37.92"
"Houches_les_",4,"11.87","0.68","8.93"
"Houches_les_",5,"1.59","0.05","1.12"
"Houches_les_",6,"0.00","0.00","0.00"
"Houches_les_",7,"0.00","0.00","0.00"
"Houches_les_",8,"0.00","0.00","0.00"
"Houches_les_",9,"0.00","0.00","0.00"
"Houches_les_",10,"0.00","0.00","0.00"
"Houches_les_",11,"26.77","3.40","17.46"
"Houches_les_",12,"30.25","12.26","27.25"
"Isola",1,"43.40","51.74","65.20"
"Isola",2,"114.00","87.48","113.00"
"Isola",3,"74.40","103.67","122.60"
"Isola",4,"49.25","37.89","82.50"
"Isola",5,"7.75","4.44","19.00"
"Isola",6,"0.00","0.00","0.00"
"Isola",7,"0.00","0.00","0.00"
"Isola",8,"0.00","0.00","0.00"
"Isola",9,"0.40","0.01","0.20"
"Isola",10,"12.20","1.58","9.80"
"Isola",11,"36.50","10.73","23.00"
"Isola",12,"39.00","33.10","48.80"
"Isola_2000",1,"84.72","79.07","106.00"
"Isola_2000",2,"85.28","109.82","135.96"
"Isola_2000",3,"84.52","108.30","136.74"
"Isola_2000",4,"82.66","59.99","100.66"
"Isola_2000",5,"11.78","4.57","15.48"
"Isola_2000",6,"0.95","0.07","0.85"
"Isola_2000",7,"0.00","0.00","0.00"
"Isola_2000",8,"0.00","0.00","0.00"
"Isola_2000",9,"0.63","0.03","0.37"
"Isola_2000",10,"25.74","1.76","17.61"
"Isola_2000",11,"60.79","11.23","33.94"
"Isola_2000",12,"73.30","41.73","65.79"
"Jarrier",1,"68.30","15.03","40.60"
"Jarrier",2,"46.90","19.97","45.00"
"Jarrier",3,"24.50","2.38","17.00"
"Jarrier",4,"9.20","0.36","7.90"
"Jarrier",5,"2.33","0.13","3.56"
"Jarrier",6,"0.00","0.01","0.33"
"Jarrier",7,"0.00","0.00","0.00"
"Jarrier",8,"0.00","0.00","0.00"
"Jarrier",9,"0.00","0.00","0.00"
"Jarrier",10,"4.20","0.19","3.30"
"Jarrier",11,"20.33","1.56","11.22"
"Jarrier",12,"67.30","9.56","28.30"
"Jausiers",1,"37.14","9.18","26.64"
"Jausiers",2,"30.27","4.78","16.87"
"Jausiers",3,"19.13","1.56","11.87"
"Jausiers",4,"26.21","1.37","12.64"
"Jausiers",5,"2.36","0.06","1.45"
"Jausiers",6,"0.00","0.01","0.20"
"Jausiers",7,"0.00","0.00","0.00"
"Jausiers",8,"0.00","0.00","0.00"
"Jausiers",9,"0.00","0.00","0.00"
"Jausiers",10,"4.57","0.19","3.50"
"Jausiers",11,"21.50","2.02","11.50"
"Jausiers",12,"30.73","3.97","17.47"
"L_alpe_d_huez_2350",1,"106.33","89.05","126.24"
"L_alpe_d_huez_2350",2,"81.53","116.11","143.24"
"L_alpe_d_huez_2350",3,"84.53","127.35","150.58"
"L_alpe_d_huez_2350",4,"24.67","106.65","134.67"
"L_alpe_d_huez_2350",12,"42.00","32.79","45.00"
"L_alpe_d_huez_sata_",1,"126.48","84.79","120.64"
"L_alpe_d_huez_sata_",2,"102.60","117.84","144.36"
"L_alpe_d_huez_sata_",3,"96.31","128.16","158.15"
"L_alpe_d_huez_sata_",4,"58.40","100.60","139.00"
"L_alpe_d_huez_sata_",12,"111.64","50.61","81.09"
"L_alpe_du_grand_serre",1,"90.62","41.99","68.00"
"L_alpe_du_grand_serre",2,"66.90","59.98","77.19"
"L_alpe_du_grand_serre",3,"68.25","62.78","85.67"
"La_berarde",7,"0.00","0.00","0.00"
"La_berarde",8,"0.00","0.00","0.00"
"La_clusaz",1,"196.00","45.45","95.00"
"La_clusaz",2,"111.00","119.39","155.00"
"La_clusaz",3,"96.00","101.61","130.00"
"La_flegere",1,"191.70","116.52","153.50"
"La_flegere",2,"129.50","160.90","190.25"
"La_flegere",3,"127.00","167.98","208.36"
"La_flegere",4,"116.50","224.52","256.50"
"La_foux_d_allos",1,"97.17","80.60","112.00"
"La_foux_d_allos",2,"80.24","108.45","132.95"
"La_foux_d_allos",3,"72.79","114.38","147.00"
"La_foux_d_allos",4,"60.00","2.17","12.00"
"La_foux_d_allos",5,"7.00","0.23","4.00"
"La_foux_d_allos",6,"0.00","0.00","0.00"
"La_foux_d_allos",7,"0.00","0.00","0.00"
"La_foux_d_allos",8,"0.00","0.00","0.00"
"La_foux_d_allos",9,"0.00","0.00","0.00"
"La_giettaz",1,"124.00","52.69","102.67"
"La_giettaz",2,"121.67","99.68","127.67"
"La_giettaz",3,"65.00","103.43","139.67"
"La_lechere",1,"98.23","39.87","67.41"
"La_lechere",2,"101.09","53.78","83.68"
"La_lechere",3,"52.86","34.79","65.82"
"La_lechere",4,"37.05","9.79","31.09"
"La_lechere",5,"6.52","0.27","3.71"
"La_lechere",6,"0.00","0.00","0.00"
"La_lechere",7,"0.00","0.00","0.00"
"La_lechere",8,"0.00","0.00","0.00"
"La_lechere",9,"0.36","0.00","0.00"
"La_lechere",10,"5.23","0.30","3.50"
"La_lechere",11,"49.91","5.68","27.68"
"La_lechere",12,"79.00","18.85","44.77"
"La_mure_argens",1,"13.77","1.25","8.00"
"La_mure_argens",2,"15.00","2.75","12.54"
"La_mure_argens",3,"4.38","0.37","5.08"
"La_mure_argens",4,"0.42","0.02","0.42"
"La_mure_argens",5,"0.00","0.00","0.00"
"La_mure_argens",6,"0.00","0.00","0.00"
"La_mure_argens",7,"0.00","0.00","0.00"
"La_mure_argens",8,"0.00","0.00","0.00"
"La_mure_argens",9,"0.00","0.00","0.00"
"La_mure_argens",10,"0.50","0.02","0.50"
"La_mure_argens",11,"6.38","0.23","3.38"
"La_mure_argens",12,"10.64","0.85","5.64"
"La_norma",1,"87.71","75.89","96.48"
"La_norma",2,"80.19","98.96","117.10"
"La_norma",3,"78.57","105.74","127.19"
"La_norma",11,"39.00","9.17","25.00"
"La_norma",12,"76.00","52.43","76.25"
"La_plagne",1,"132.96","94.14","128.48"
"La_plagne",2,"110.76","126.60","155.64"
"La_plagne",3,"95.16","139.42","168.00"
"La_plagne",4,"54.88","103.72","137.96"
"La_plagne",5,"24.27","19.22","60.45"
"La_plagne",6,"0.75","0.15","3.58"
"La_plagne",7,"0.25","0.01","0.17"
"La_plagne",8,"0.00","0.00","0.14"
"La_plagne",9,"1.53","0.06","0.93"
"La_plagne",10,"23.38","1.83","14.69"
"La_plagne",11,"66.00","14.67","37.33"
"La_plagne",12,"118.04","50.19","83.42"
"La_rosiere",1,"164.36","91.37","134.44"
"La_rosiere",2,"137.64","127.29","161.72"
"La_rosiere",3,"120.92","133.80","171.84"
"La_rosiere",4,"71.60","62.09","107.40"
"La_salette_38469001",1,"129.57","48.79","90.57"
"La_salette_38469001",2,"133.14","90.09","126.48"
"La_salette_38469001",3,"119.38","96.09","139.81"
"La_salette_38469001",4,"58.57","58.04","102.38"
"La_salette_38469001",5,"17.33","6.86","27.95"
"La_salette_38469001",10,"14.20","1.24","9.35"
"La_salette_38469001",11,"47.80","4.64","21.35"
"La_salette_38469001",12,"88.48","20.97","48.38"
"Lambruisse",1,"19.33","5.25","14.53"
"Lambruisse",2,"20.91","7.34","22.91"
"Lambruisse",3,"4.58","0.61","5.50"
"Lambruisse",4,"1.50","0.05","1.00"
"Lambruisse",5,"0.00","0.01","0.23"
"Lambruisse",6,"0.00","0.00","0.00"
"Lambruisse",7,"0.00","0.00","0.00"
"Lambruisse",8,"0.00","0.00","0.00"
"Lambruisse",9,"0.00","0.00","0.00"
"Lambruisse",10,"0.27","0.01","0.27"
"Lambruisse",11,"5.16","0.25","3.04"
"Lambruisse",12,"8.50","0.91","5.58"
"Lans_en_vercors",1,"91.20","42.99","68.50"
"Lans_en_vercors",2,"81.06","56.28","79.44"
"Lans_en_vercors",3,"87.73","70.85","110.27"
"Lanslebourg_mt",1,"57.59","56.68","79.83"
"Lanslebourg_mt",2,"53.31","77.31","98.69"
"Lanslebourg_mt",3,"45.86","79.45","106.48"
"Lanslebourg_mt",4,"64.83","60.78","97.59"
"Lanslebourg_mt",5,"11.32","16.36","50.93"
"Lanslebourg_mt",6,"0.90","0.04","0.79"
"Lanslebourg_mt",7,"0.00","0.00","0.00"
"Lanslebourg_mt",8,"0.00","0.00","0.00"
"Lanslebourg_mt",9,"0.76","0.01","0.41"
"Lanslebourg_mt",10,"15.90","1.65","9.48"
"Lanslebourg_mt",11,"48.41","13.39","31.93"
"Lanslebourg_mt",12,"59.76","39.59","63.45"
"Lavaldens",1,"59.51","24.19","44.51"
"Lavaldens",2,"55.73","28.91","49.12"
"Lavaldens",3,"41.51","17.83","37.20"
"Lavaldens",4,"22.89","3.55","17.35"
"Lavaldens",5,"1.87","0.11","2.04"
"Lavaldens",6,"0.00","0.00","0.00"
"Lavaldens",7,"0.00","0.00","0.00"
"Lavaldens",8,"0.00","0.00","0.00"
"Lavaldens",9,"0.00","0.00","0.00"
"Lavaldens",10,"3.58","0.17","2.33"
"Lavaldens",11,"27.78","3.45","17.58"
"Lavaldens",12,"45.57","12.81","30.36"
"Le_biot",1,"24.20","3.76","14.44"
"Le_biot",2,"27.64","6.48","16.32"
"Le_biot",3,"15.68","1.91","11.50"
"Le_biot",4,"7.61","0.32","5.57"
"Le_biot",5,"0.32","0.01","0.32"
"Le_biot",6,"0.00","0.00","0.00"
"Le_biot",7,"0.00","0.00","0.00"
"Le_biot",8,"0.00","0.00","0.00"
"Le_biot",9,"0.00","0.00","0.00"
"Le_biot",10,"0.79","0.06","0.71"
"Le_biot",11,"11.96","0.84","6.59"
"Le_biot",12,"22.67","2.87","13.19"
"Le_collet_d_allevard_38006400",1,"114.00","58.08","93.29"
"Le_collet_d_allevard_38006400",2,"106.50","84.79","112.00"
"Le_collet_d_allevard_38006400",3,"77.20","74.48","109.00"
"Le_corbier",1,"97.78","48.85","77.74"
"Le_corbier",2,"84.52","71.51","93.16"
"Le_corbier",3,"62.60","61.58","88.92"
"Le_dramont",1,"0.00","0.00","0.00"
"Le_dramont",2,"0.33","0.01","0.33"
"Le_dramont",3,"0.00","0.00","0.00"
"Le_dramont",4,"0.00","0.00","0.00"
"Le_dramont",5,"0.00","0.00","0.00"
"Le_dramont",6,"0.00","0.00","0.00"
"Le_dramont",7,"0.00","0.00","0.00"
"Le_dramont",8,"0.00","0.00","0.00"
"Le_dramont",9,"0.00","0.00","0.00"
"Le_dramont",10,"0.00","0.00","0.00"
"Le_dramont",11,"0.00","0.00","0.00"
"Le_dramont",12,"0.00","0.00","0.00"
"Le_grand_bornand_74136400",1,"129.72","68.20","105.20"
"Le_grand_bornand_74136400",2,"116.84","98.71","130.48"
"Le_grand_bornand_74136400",3,"83.92","87.90","122.48"
"Le_grand_bornand_74136400",4,"48.57","36.37","67.22"
"Le_grand_bornand_74136400",5,"9.70","0.56","6.20"
"Le_grand_bornand_74136400",6,"0.09","0.00","0.09"
"Le_grand_bornand_74136400",7,"3.82","0.00","0.00"
"Le_grand_bornand_74136400",8,"0.00","0.00","0.00"
"Le_grand_bornand_74136400",9,"0.00","0.00","0.00"
"Le_grand_bornand_74136400",10,"17.58","0.89","8.92"
"Le_grand_bornand_74136400",11,"53.93","5.91","28.87"
"Le_grand_bornand_74136400",12,"110.39","37.10","67.39"
"Le_luc",2,"4.00","0.04","1.00"
"Le_molard",1,"143.00","103.78","144.50"
"Le_molard",2,"129.60","131.20","166.55"
"Le_molard",3,"125.29","148.79","181.62"
"Le_molard",4,"83.59","132.12","168.12"
"Le_molard",12,"159.33","61.34","98.56"
"Le_monetier",1,"115.65","139.05","172.65"
"Le_monetier",2,"100.74","160.64","191.16"
"Le_monetier",3,"110.24","178.55","212.65"
"Le_monetier_les_bains",1,"83.62","44.17","73.06"
"Le_monetier_les_bains",2,"64.80","53.59","80.69"
"Le_monetier_les_bains",3,"47.09","35.89","64.31"
"Le_monetier_les_bains",4,"18.35","4.92","23.50"
"Le_monetier_les_bains",5,"0.55","0.03","0.85"
"Le_monetier_les_bains",6,"0.00","0.00","0.00"
"Le_monetier_les_bains",7,"0.00","0.00","0.00"
"Le_monetier_les_bains",8,"0.00","0.00","0.00"
"Le_monetier_les_bains",9,"0.06","0.00","0.00"
"Le_monetier_les_bains",10,"7.53","0.44","5.69"
"Le_monetier_les_bains",11,"33.68","5.05","21.22"
"Le_monetier_les_bains",12,"88.46","22.89","50.70"
"Le_tour",1,"159.00","101.31","149.50"
"Le_tour",2,"110.33","98.41","124.00"
"Le_tour",3,"143.50","109.19","133.50"
"Le_tour",4,"66.50","72.49","121.00"
"Le_tour",5,"0.00","0.00","0.00"
"Le_tour",12,"172.00","52.32","140.00"
"Le_tour_balme",1,"168.80","152.90","186.20"
"Le_tour_balme",2,"135.00","195.83","240.30"
"Le_tour_balme",3,"146.50","247.80","296.25"
"Le_tour_nivo",1,"153.00","75.81","120.10"
"Le_tour_nivo",2,"144.64","102.41","141.86"
"Le_tour_nivo",3,"102.14","92.13","135.67"
"Le_tour_nivo",4,"92.40","59.91","104.80"
"Le_tour_nivo",12,"229.00","86.43","121.50"
"Les_2_alpes_gn_",1,"90.00","47.60","78.94"
"Les_2_alpes_gn_",2,"65.11","65.81","90.72"
"Les_2_alpes_gn_",3,"53.13","52.45","85.13"
"Les_2_alpes_gn_",4,"39.90","20.72","47.60"
"Les_2_alpes_gn_",12,"28.00","65.61","100.00"
"Les_2_alpes_pied_mouttet_",1,"85.17","50.17","80.00"
"Les_2_alpes_pied_mouttet_",2,"78.71","72.68","97.71"
"Les_2_alpes_pied_mouttet_",3,"72.67","98.48","125.00"
"Les_2_alpes_pied_mouttet_",4,"52.00","107.23","153.00"
"Les_2_alpes_toura_ne_",1,"120.46","115.47","152.42"
"Les_2_alpes_toura_ne_",2,"110.63","143.40","176.58"
"Les_2_alpes_toura_ne_",3,"116.29","164.73","191.67"
"Les_2_alpes_toura_ne_",4,"91.19","166.82","190.69"
"Les_2_alpes_toura_ne_",12,"135.71","97.69","124.57"
"Les_aillons_margeriaz_",1,"117.95","84.89","120.21"
"Les_aillons_margeriaz_",2,"100.92","116.14","145.04"
"Les_aillons_margeriaz_",3,"80.83","106.82","142.71"
"Les_arcs",1,"130.20","104.07","137.36"
"Les_arcs",2,"109.64","137.74","165.76"
"Les_arcs",3,"99.76","159.33","185.84"
"Les_arcs",4,"66.17","147.01","177.67"
"Les_arcs",12,"138.90","68.48","104.70"
"Les_carroz_kedeusaz",1,"136.28","94.99","132.16"
"Les_carroz_kedeusaz",2,"139.16","137.37","172.28"
"Les_carroz_kedeusaz",3,"114.36","144.07","177.52"
"Les_carroz_kedeusaz",4,"34.00","111.73","183.00"
"Les_carroz_village",1,"93.87","32.24","60.07"
"Les_carroz_village",2,"81.76","46.08","69.65"
"Les_carroz_village",3,"58.69","32.68","61.25"
"Les_carroz_village",4,"22.20","2.37","17.50"
"Les_carroz_village",5,"3.14","0.17","2.14"
"Les_carroz_village",6,"0.00","0.00","0.00"
"Les_carroz_village",7,"0.00","0.00","0.00"
"Les_carroz_village",8,"0.00","0.00","0.00"
"Les_carroz_village",9,"0.00","0.00","0.00"
"Les_carroz_village",10,"13.17","0.56","7.67"
"Les_carroz_village",11,"32.25","2.95","21.25"
"Les_carroz_village",12,"75.40","19.29","41.00"
"Les_contamines_montjoie",1,"212.17","97.22","156.67"
"Les_contamines_montjoie",2,"150.83","153.98","184.67"
"Les_contamines_montjoie",3,"133.33","169.81","210.00"
"Les_deserts",1,"60.74","28.36","52.44"
"Les_deserts",2,"56.82","36.35","61.31"
"Les_deserts",3,"40.95","23.08","48.59"
"Les_deserts",4,"24.05","4.92","21.85"
"Les_deserts",5,"2.85","0.12","2.62"
"Les_deserts",6,"0.00","0.00","0.00"
"Les_deserts",7,"0.00","0.00","0.00"
"Les_deserts",8,"0.00","0.00","0.00"
"Les_deserts",9,"0.00","0.00","0.00"
"Les_deserts",10,"4.38","0.21","2.35"
"Les_deserts",11,"32.05","4.30","20.23"
"Les_deserts",12,"51.15","14.73","35.82"
"Les_gets",1,"150.27","77.02","118.18"
"Les_gets",2,"137.50","112.09","146.08"
"Les_gets",3,"112.25","116.18","149.50"
"Les_karellis",1,"105.56","57.74","87.80"
"Les_karellis",2,"93.00","82.36","105.52"
"Les_karellis",3,"69.96","79.20","105.44"
"Les_karellis",11,"69.00","4.70","20.00"
"Les_karellis",12,"75.00","26.04","47.33"
"Les_menuires",1,"99.60","49.08","73.32"
"Les_menuires",2,"86.92","65.92","89.92"
"Les_menuires",3,"70.60","63.56","86.88"
"Les_menuires",4,"46.86","26.08","54.24"
"Les_menuires",12,"89.06","36.75","59.25"
"Les_orres",1,"53.12","30.44","49.29"
"Les_orres",2,"45.88","41.63","57.84"
"Les_orres",3,"35.92","27.65","52.84"
"Les_orres",4,"21.72","4.44","22.20"
"Les_orres",5,"2.53","0.10","2.60"
"Les_orres",6,"0.00","0.00","0.00"
"Les_orres",7,"0.00","0.00","0.00"
"Les_orres",8,"0.00","0.00","0.00"
"Les_orres",9,"0.00","0.00","0.00"
"Les_orres",10,"3.63","0.19","2.66"
"Les_orres",11,"21.24","2.88","13.88"
"Les_orres",12,"42.28","14.44","31.72"
"Les_orres_fontaines",1,"75.71","59.68","81.57"
"Les_orres_fontaines",2,"65.80","77.68","98.33"
"Les_orres_fontaines",3,"71.00","85.66","106.33"
"Les_portes_en_valgaudemar",1,"71.32","30.48","53.74"
"Les_portes_en_valgaudemar",2,"54.58","41.88","61.68"
"Les_portes_en_valgaudemar",3,"38.11","24.57","49.63"
"Les_portes_en_valgaudemar",4,"16.95","2.19","16.42"
"Les_portes_en_valgaudemar",5,"1.88","0.11","2.76"
"Les_portes_en_valgaudemar",6,"0.00","0.00","0.00"
"Les_portes_en_valgaudemar",7,"0.00","0.00","0.00"
"Les_portes_en_valgaudemar",8,"0.00","0.00","0.00"
"Les_portes_en_valgaudemar",9,"0.00","0.00","0.00"
"Les_portes_en_valgaudemar",10,"6.37","0.26","4.05"
"Les_portes_en_valgaudemar",11,"27.00","2.35","18.44"
"Les_portes_en_valgaudemar",12,"62.89","16.20","37.74"
"Les_saisies",1,"140.42","90.85","130.42"
"Les_saisies",2,"127.36","129.08","160.08"
"Les_saisies",3,"98.36","135.59","168.16"
"Les_saisies",4,"71.88","110.17","150.00"
"Les_saisies",12,"98.75","48.35","70.25"
"Lognan",1,"172.67","117.11","158.17"
"Lognan",2,"162.20","164.62","204.12"
"Lognan",3,"145.64","187.24","220.96"
"Lognan",4,"106.33","158.47","198.79"
"Lognan",12,"246.56","96.63","143.56"
"Luceram_obs",1,"70.00","49.28","80.00"
"Luceram_obs",2,"102.67","45.74","70.00"
"Lus_l_croix_hte",1,"33.00","1.34","21.67"
"Lus_l_croix_hte",2,"10.00","0.36","10.00"
"Lus_l_croix_hte",11,"15.67","0.81","8.33"
"Lus_l_croix_hte",12,"15.00","0.71","12.50"
"Maljasset",1,"69.63","53.26","74.56"
"Maljasset",2,"62.28","69.59","87.64"
"Maljasset",3,"51.32","60.41","90.12"
"Maljasset",4,"40.67","15.47","45.67"
"Maljasset",5,"5.86","0.44","6.71"
"Maljasset",6,"0.23","0.02","0.46"
"Maljasset",7,"0.09","0.00","0.09"
"Maljasset",8,"0.00","0.00","0.04"
"Maljasset",9,"0.70","0.02","0.70"
"Maljasset",10,"11.43","0.79","9.93"
"Maljasset",11,"27.63","5.31","19.13"
"Maljasset",12,"67.56","34.98","56.63"
"Meailles_sapc",1,"44.64","11.56","32.55"
"Meailles_sapc",2,"43.30","17.66","40.80"
"Meailles_sapc",3,"17.27","5.43","18.55"
"Meailles_sapc",4,"4.89","0.15","3.67"
"Meailles_sapc",5,"0.00","0.02","0.50"
"Meailles_sapc",6,"0.00","0.00","0.00"
"Meailles_sapc",7,"0.00","0.00","0.00"
"Meailles_sapc",8,"0.00","0.00","0.00"
"Meailles_sapc",9,"0.00","0.00","0.00"
"Meailles_sapc",10,"0.88","0.03","0.88"
"Meailles_sapc",11,"12.60","0.72","7.60"
"Meailles_sapc",12,"32.10","7.28","25.10"
"Megeve",1,"101.42","47.94","76.12"
"Megeve",2,"88.22","65.72","92.75"
"Megeve",3,"59.88","43.29","77.35"
"Megeve",4,"34.68","8.26","32.03"
"Megeve",5,"5.20","0.33","4.70"
"Megeve",6,"0.21","0.01","0.36"
"Megeve",7,"0.00","0.00","0.00"
"Megeve",8,"0.00","0.00","0.00"
"Megeve",9,"0.13","0.00","0.06"
"Megeve",10,"7.95","0.40","4.36"
"Megeve",11,"47.31","4.92","24.45"
"Megeve",12,"95.98","25.29","53.88"
"Megeve_auxi",1,"100.88","43.60","72.63"
"Megeve_auxi",2,"83.58","63.00","85.50"
"Megeve_auxi",3,"50.71","39.27","74.88"
"Megeve_auxi",4,"24.42","3.99","22.67"
"Megeve_auxi",5,"2.50","0.13","2.58"
"Megeve_auxi",6,"0.00","0.00","0.00"
"Megeve_auxi",7,"0.00","0.00","0.00"
"Megeve_auxi",8,"0.00","0.00","0.00"
"Megeve_auxi",9,"0.07","0.00","0.07"
"Megeve_auxi",10,"5.20","0.23","3.40"
"Megeve_auxi",11,"56.00","5.70","29.81"
"Megeve_auxi",12,"90.00","23.37","50.86"
"Meribel_mottaret",1,"101.44","67.83","93.20"
"Meribel_mottaret",2,"89.72","93.61","116.60"
"Meribel_mottaret",3,"70.72","93.25","117.76"
"Meribel_mottaret",4,"47.55","48.94","82.73"
"Meribel_mottaret",12,"82.08","27.11","50.33"
"Modane",1,"33.33","25.73","35.33"
"Modane",2,"12.50","31.02","38.50"
"Modane",3,"35.00","13.76","46.33"
"Modane",4,"0.00","0.00","0.00"
"Modane",5,"0.00","0.00","0.00"
"Modane",6,"0.00","0.00","0.00"
"Modane",7,"0.00","0.00","0.00"
"Modane",8,"0.00","0.00","0.00"
"Modane",9,"0.00","0.00","0.00"
"Modane",10,"0.00","0.00","0.00"
"Modane",11,"11.00","2.04","11.00"
"Modane",12,"67.00","28.23","45.00"
"Montelimar",1,"6.91","0.57","4.73"
"Montelimar",2,"0.50","0.08","0.80"
"Montelimar",3,"1.78","0.09","1.89"
"Montelimar",4,"0.00","0.00","0.09"
"Montelimar",5,"0.00","0.00","0.00"
"Montelimar",6,"0.00","0.00","0.00"
"Montelimar",7,"0.00","0.00","0.00"
"Montelimar",8,"0.00","0.00","0.00"
"Montelimar",9,"0.00","0.00","0.00"
"Montelimar",10,"0.00","0.00","0.00"
"Montelimar",11,"0.33","0.01","0.22"
"Montelimar",12,"0.30","0.04","0.60"
"Montgenevre",1,"78.95","60.16","83.91"
"Montgenevre",2,"69.09","69.37","91.27"
"Montgenevre",3,"54.35","52.31","84.52"
"Montgenevre",4,"49.27","18.11","46.82"
"Montgenevre",5,"5.76","0.42","7.00"
"Montgenevre",6,"0.60","0.03","0.80"
"Montgenevre",7,"0.00","0.00","0.00"
"Montgenevre",8,"0.00","0.00","0.00"
"Montgenevre",9,"1.18","0.02","0.41"
"Montgenevre",10,"24.48","1.61","13.26"
"Montgenevre",11,"64.78","12.40","34.17"
"Montgenevre",12,"89.26","38.67","66.04"
"Montgenevre_le_chalvet",1,"89.64","72.21","92.45"
"Montgenevre_le_chalvet",2,"82.15","85.15","105.69"
"Montgenevre_le_chalvet",3,"79.92","90.85","117.75"
"Montmin",1,"53.96","16.19","37.00"
"Montmin",2,"50.81","19.90","42.08"
"Montmin",3,"39.11","12.38","35.60"
"Montmin",4,"26.62","3.29","18.13"
"Montmin",5,"2.12","0.13","1.96"
"Montmin",6,"0.00","0.00","0.00"
"Montmin",7,"0.00","0.00","0.00"
"Montmin",8,"0.00","0.00","0.00"
"Montmin",9,"0.00","0.00","0.00"
"Montmin",10,"2.84","0.16","2.10"
"Montmin",11,"27.04","3.38","18.53"
"Montmin",12,"40.62","9.05","27.00"
"Montsapey",1,"67.91","17.13","43.69"
"Montsapey",2,"62.98","18.29","48.18"
"Montsapey",3,"47.61","7.41","33.27"
"Montsapey",4,"27.52","2.29","17.21"
"Montsapey",5,"2.88","0.11","2.41"
"Montsapey",6,"0.00","0.00","0.07"
"Montsapey",7,"0.00","0.00","0.00"
"Montsapey",8,"0.00","0.00","0.00"
"Montsapey",9,"0.09","0.00","0.00"
"Montsapey",10,"3.90","0.22","2.84"
"Montsapey",11,"35.07","3.45","21.84"
"Montsapey",12,"55.88","10.70","34.70"
"Morzine_74191001",1,"33.67","8.05","23.50"
"Morzine_74191001",2,"41.00","5.94","20.60"
"Morzine_74191001",3,"25.67","3.89","26.83"
"Morzine_74191001",4,"17.71","0.79","7.57"
"Morzine_74191001",5,"0.00","0.00","0.00"
"Morzine_74191001",9,"0.00","0.00","0.00"
"Morzine_74191001",10,"0.25","0.01","0.25"
"Morzine_74191001",11,"9.40","0.41","5.80"
"Morzine_74191001",12,"30.43","3.00","13.57"
"Morzine_74191400",1,"48.00","16.17","40.00"
"Morzine_74191400",2,"18.00","1.21","7.00"
"Morzine_74191400",3,"96.00","7.26","29.00"
"Morzine_74191400",4,"11.00","0.97","8.00"
"Morzine_74191400",5,"0.00","0.00","0.00"
"Morzine_74191400",6,"0.00","0.00","0.00"
"Morzine_74191400",12,"14.00","1.20","12.00"
"Motte_molines",1,"57.07","30.14","50.40"
"Motte_molines",2,"44.71","41.76","57.93"
"Motte_molines",3,"22.67","20.48","40.67"
"Motte_molines",4,"10.93","1.62","12.27"
"Motte_molines",5,"0.93","0.08","1.86"
"Motte_molines",6,"0.00","0.00","0.00"
"Motte_molines",7,"0.00","0.00","0.00"
"Motte_molines",8,"0.00","0.00","0.00"
"Motte_molines",9,"0.00","0.00","0.00"
"Motte_molines",10,"1.67","0.06","1.60"
"Motte_molines",11,"24.25","2.55","15.31"
"Motte_molines",12,"44.00","15.32","35.21"
"Nevache",1,"71.43","41.01","67.21"
"Nevache",2,"62.50","42.65","63.07"
"Nevache",3,"40.64","26.71","57.64"
"Nevache",4,"22.73","2.99","19.73"
"Nevache",5,"0.86","0.02","0.50"
"Nevache",6,"0.00","0.00","0.00"
"Nevache",7,"0.00","0.00","0.00"
"Nevache",8,"0.00","0.00","0.00"
"Nevache",9,"0.30","0.01","0.30"
"Nevache",10,"12.53","0.51","6.33"
"Nevache",11,"40.67","6.35","23.33"
"Nevache",12,"62.62","20.74","42.92"
"Nevache_buffere",2,"124.45","111.71","129.55"
"Nevache_buffere",3,"114.50","120.86","142.50"
"Nevache_buffere",4,"111.38","110.36","145.00"
"Olmet",1,"86.21","43.92","73.00"
"Olmet",2,"74.93","65.83","88.86"
"Olmet",3,"64.27","51.83","83.33"
"Orange",1,"1.62","0.07","1.08"
"Orange",2,"1.69","0.08","1.31"
"Orange",3,"0.00","0.00","0.00"
"Orange",4,"0.00","0.00","0.00"
"Orange",5,"0.00","0.00","0.00"
"Orange",6,"0.00","0.00","0.00"
"Orange",8,"0.00","0.00","0.00"
"Orange",9,"0.00","0.00","0.00"
"Orange",10,"0.00","0.00","0.00"
"Orange",11,"0.00","0.00","0.00"
"Orange",12,"0.50","0.02","0.50"
"Orelle",1,"131.90","100.60","135.33"
"Orelle",2,"106.71","127.37","156.19"
"Orelle",3,"112.19","141.98","171.38"
"Orelle",4,"78.70","127.41","155.60"
"Orelle",12,"104.60","63.15","89.80"
"Ornon",1,"29.50","4.48","21.25"
"Ornon",2,"48.00","2.45","18.00"
"Ornon",3,"19.00","1.33","14.00"
"Ornon",4,"8.60","0.29","7.80"
"Ornon",5,"0.00","0.03","0.80"
"Ornon",6,"0.00","0.00","0.00"
"Ornon",7,"0.00","0.00","0.00"
"Ornon",8,"0.00","0.00","0.00"
"Ornon",9,"0.00","0.00","0.00"
"Ornon",10,"2.50","0.08","2.50"
"Ornon",11,"14.50","0.94","9.75"
"Ornon",12,"32.00","6.50","13.00"
"Passy",3,"17.50","17.44","40.00"
"Passy",5,"0.00","0.00","0.00"
"Passy",10,"0.00","0.00","0.00"
"Peisey_nancroix",1,"70.27","32.04","52.87"
"Peisey_nancroix",2,"60.33","38.32","60.22"
"Peisey_nancroix",3,"43.20","16.46","39.88"
"Peisey_nancroix",4,"22.22","3.16","15.87"
"Peisey_nancroix",5,"4.08","0.21","3.55"
"Peisey_nancroix",6,"0.40","0.03","0.53"
"Peisey_nancroix",7,"0.00","0.00","0.00"
"Peisey_nancroix",8,"0.00","0.00","0.00"
"Peisey_nancroix",9,"0.23","0.00","0.00"
"Peisey_nancroix",10,"6.32","0.30","3.95"
"Peisey_nancroix",11,"34.60","3.68","18.65"
"Peisey_nancroix",12,"64.62","17.29","37.33"
"Pelvoux",1,"79.52","40.33","69.44"
"Pelvoux",2,"57.78","49.76","74.78"
"Pelvoux",3,"33.61","24.29","53.61"
"Pelvoux",4,"15.48","3.08","18.04"
"Pelvoux",5,"0.00","0.01","0.24"
"Pelvoux",6,"0.00","0.00","0.00"
"Pelvoux",7,"0.00","0.00","0.00"
"Pelvoux",8,"0.00","0.00","0.00"
"Pelvoux",9,"0.00","0.00","0.00"
"Pelvoux",10,"8.92","0.35","5.17"
"Pelvoux",11,"23.43","3.02","15.74"
"Pelvoux",12,"67.88","19.02","44.08"
"Pelvoux_st_antoine",1,"81.32","40.02","70.32"
"Pelvoux_st_antoine",2,"61.00","52.30","77.88"
"Pelvoux_st_antoine",3,"35.79","27.13","57.08"
"Pelvoux_st_antoine",4,"11.00","3.54","18.79"
"Pelvoux_st_antoine",5,"0.00","0.01","0.38"
"Pelvoux_st_antoine",6,"0.00","0.00","0.00"
"Pelvoux_st_antoine",7,"0.00","0.00","0.00"
"Pelvoux_st_antoine",8,"0.00","0.00","0.00"
"Pelvoux_st_antoine",9,"0.00","0.00","0.00"
"Pelvoux_st_antoine",10,"4.50","0.21","3.58"
"Pelvoux_st_antoine",11,"17.21","2.30","12.79"
"Pelvoux_st_antoine",12,"70.36","21.33","47.77"
"Peone_valberg",1,"62.75","36.40","59.75"
"Peone_valberg",2,"27.33","11.32","20.00"
"Peone_valberg",3,"13.67","2.35","19.00"
"Peone_valberg",4,"10.00","4.68","36.50"
"Peone_valberg",10,"0.00","0.00","0.00"
"Peone_valberg",11,"10.50","2.17","7.00"
"Peone_valberg",12,"53.00","35.44","60.50"
"Pra_loup",1,"54.11","74.19","92.33"
"Pra_loup",2,"50.33","93.64","111.17"
"Pra_loup",3,"73.29","104.61","129.14"
"Pralognan",1,"101.00","56.79","85.40"
"Pralognan",2,"90.92","78.98","102.96"
"Pralognan",3,"67.68","70.43","99.12"
"Pralognan",4,"6.00","76.47","152.00"
"Pralognan_la_vanoise",1,"95.63","54.40","79.83"
"Pralognan_la_vanoise",2,"87.42","73.49","97.58"
"Pralognan_la_vanoise",3,"69.57","63.01","90.55"
"Pralognan_la_vanoise",4,"40.78","20.39","53.52"
"Pralognan_la_vanoise",5,"10.15","0.77","8.15"
"Pralognan_la_vanoise",6,"0.35","0.04","1.02"
"Pralognan_la_vanoise",7,"0.00","0.00","0.00"
"Pralognan_la_vanoise",8,"0.00","0.00","0.00"
"Pralognan_la_vanoise",9,"0.90","0.03","0.60"
"Pralognan_la_vanoise",10,"13.12","0.76","8.28"
"Pralognan_la_vanoise",11,"51.60","6.69","27.75"
"Pralognan_la_vanoise",12,"89.15","28.24","54.17"
"Prapoutel_38002404",1,"156.00","36.44","65.00"
"Prapoutel_38002404",2,"170.50","72.08","115.00"
"Prapoutel_38002404",3,"105.00","102.86","126.50"
"Prapoutel_38002405",1,"87.40","54.27","94.00"
"Prapoutel_38002405",2,"94.17","72.99","102.67"
"Prapoutel_38002405",3,"83.75","78.37","116.50"
"Prapoutel_38002406",1,"61.60","33.79","49.00"
"Prapoutel_38002406",2,"62.20","54.98","71.00"
"Prapoutel_38002406",3,"74.25","43.40","73.75"
"Prapoutel_pipay",1,"124.50","75.76","119.00"
"Prapoutel_pipay",2,"56.00","81.56","98.50"
"Prapoutel_pipay",3,"132.50","74.44","103.50"
"Puy_st_vincent",1,"83.15","51.74","77.81"
"Puy_st_vincent",2,"60.20","67.78","87.76"
"Puy_st_vincent",3,"39.92","48.27","76.24"
"Puy_st_vincent",4,"24.18","9.05","35.79"
"Puy_st_vincent",5,"0.24","0.03","0.76"
"Puy_st_vincent",6,"0.00","0.00","0.00"
"Puy_st_vincent",7,"0.00","0.00","0.00"
"Puy_st_vincent",8,"0.00","0.00","0.00"
"Puy_st_vincent",9,"0.00","0.00","0.00"
"Puy_st_vincent",10,"9.96","0.48","6.04"
"Puy_st_vincent",11,"35.69","5.82","21.42"
"Puy_st_vincent",12,"68.96","25.53","48.22"
"Puy_st_vincent_1600",1,"113.68","79.54","111.55"
"Puy_st_vincent_1600",2,"88.36","96.27","124.76"
"Puy_st_vincent_1600",3,"71.04","96.94","126.20"
"Reallon_iscle",1,"52.96","21.60","42.07"
"Reallon_iscle",2,"58.74","30.95","54.67"
"Reallon_iscle",3,"34.85","17.19","46.15"
"Reallon_iscle",4,"12.46","1.29","10.38"
"Reallon_iscle",5,"2.59","0.02","0.71"
"Reallon_iscle",6,"0.00","0.00","0.00"
"Reallon_iscle",9,"0.00","0.00","0.00"
"Reallon_iscle",10,"1.88","0.08","1.88"
"Reallon_iscle",11,"21.72","2.23","13.55"
"Reallon_iscle",12,"44.03","9.96","31.17"
"Reallon_nivo",1,"68.50","42.04","64.13"
"Reallon_nivo",2,"62.67","71.18","105.00"
"Reallon_nivo",3,"73.00","70.84","111.00"
"Risoul",1,"56.00","60.39","76.33"
"Risoul",2,"69.25","85.67","104.25"
"Risoul",3,"94.00","120.10","155.00"
"Samoens",1,"51.93","16.51","34.66"
"Samoens",2,"50.98","20.20","38.76"
"Samoens",3,"29.68","9.22","26.15"
"Samoens",4,"14.14","1.69","10.14"
"Samoens",5,"0.12","0.01","0.34"
"Samoens",6,"0.00","0.00","0.00"
"Samoens",7,"0.00","0.00","0.00"
"Samoens",8,"0.00","0.00","0.00"
"Samoens",9,"0.00","0.00","0.00"
"Samoens",10,"0.61","0.02","0.56"
"Samoens",11,"27.49","2.55","15.24"
"Samoens",12,"47.73","9.19","27.63"
"Serre_chevalier",1,"96.74","70.83","98.74"
"Serre_chevalier",2,"84.79","89.96","115.79"
"Serre_chevalier",3,"74.23","87.00","113.77"
"Servoz",1,"46.19","17.16","32.88"
"Servoz",2,"41.11","24.35","38.67"
"Servoz",3,"20.19","9.84","27.48"
"Servoz",4,"10.31","0.46","6.42"
"Servoz",5,"0.19","0.01","0.22"
"Servoz",6,"0.00","0.00","0.00"
"Servoz",7,"0.00","0.00","0.00"
"Servoz",8,"0.00","0.00","0.00"
"Servoz",9,"0.00","0.00","0.00"
"Servoz",10,"1.04","0.04","0.96"
"Servoz",11,"20.52","1.86","10.67"
"Servoz",12,"42.48","9.49","26.22"
"Seyne",1,"28.44","19.37","29.67"
"Seyne",2,"30.00","24.04","34.40"
"Seyne",12,"69.50","22.78","45.00"
"Seythenex",1,"87.06","31.32","59.06"
"Seythenex",2,"65.13","54.60","73.69"
"Seythenex",3,"67.13","47.00","76.38"
"Seythenex",11,"53.50","4.76","42.50"
"Seythenex",12,"63.11","20.36","44.00"
"St_alban_des_vi",1,"87.14","28.52","52.57"
"St_alban_des_vi",2,"88.00","39.16","65.00"
"St_alban_des_vi",3,"52.43","18.68","42.14"
"St_alban_des_vi",4,"24.00","2.29","16.29"
"St_alban_des_vi",5,"4.71","0.18","3.29"
"St_alban_des_vi",10,"4.50","0.27","3.13"
"St_alban_des_vi",11,"34.75","4.81","22.13"
"St_alban_des_vi",12,"54.25","10.12","32.75"
"St_andre",1,"1.50","0.20","1.50"
"St_andre",2,"14.50","1.36","10.00"
"St_andre",3,"7.00","0.23","4.00"
"St_andre",4,"4.50","0.04","1.00"
"St_andre",5,"0.00","0.00","0.00"
"St_andre",6,"0.00","0.00","0.00"
"St_andre",10,"1.33","0.04","1.33"
"St_andre",11,"3.00","0.08","1.00"
"St_andre",12,"2.00","0.37","2.00"
"St_auban_4049001",1,"10.30","0.70","6.40"
"St_auban_4049001",2,"4.25","0.46","3.58"
"St_auban_4049001",3,"0.78","0.04","0.56"
"St_auban_4049001",4,"0.30","0.02","0.30"
"St_auban_4049001",5,"0.00","0.00","0.00"
"St_auban_4049001",6,"0.00","0.00","0.00"
"St_auban_4049001",7,"0.00","0.00","0.00"
"St_auban_4049001",8,"0.00","0.00","0.00"
"St_auban_4049001",9,"0.00","0.00","0.00"
"St_auban_4049001",10,"0.00","0.00","0.00"
"St_auban_4049001",11,"0.70","0.02","0.70"
"St_auban_4049001",12,"4.00","0.26","3.00"
"St_baudille",1,"42.00","8.07","22.28"
"St_baudille",2,"39.36","8.50","22.38"
"St_baudille",3,"26.85","3.55","16.82"
"St_baudille",4,"16.33","0.99","11.31"
"St_baudille",5,"2.51","0.13","2.54"
"St_baudille",6,"0.00","0.00","0.00"
"St_baudille",7,"0.00","0.00","0.00"
"St_baudille",8,"0.00","0.00","0.00"
"St_baudille",9,"0.00","0.00","0.00"
"St_baudille",10,"2.69","0.14","2.15"
"St_baudille",11,"19.64","1.65","12.05"
"St_baudille",12,"30.59","4.60","16.69"
"St_bonnet_champsaur",1,"19.75","1.42","7.75"
"St_bonnet_champsaur",2,"25.25","3.26","12.50"
"St_bonnet_champsaur",3,"10.80","0.68","6.40"
"St_bonnet_champsaur",4,"11.00","0.38","5.60"
"St_bonnet_champsaur",5,"0.00","0.00","0.00"
"St_bonnet_champsaur",6,"0.00","0.00","0.00"
"St_bonnet_champsaur",9,"0.00","0.00","0.00"
"St_bonnet_champsaur",10,"0.00","0.00","0.00"
"St_bonnet_champsaur",11,"7.75","0.24","4.50"
"St_bonnet_champsaur",12,"9.33","0.69","6.33"
"St_christol",1,"34.00","4.90","24.89"
"St_christol",2,"9.00","3.66","12.29"
"St_christol",3,"2.57","0.24","3.00"
"St_christol",4,"0.75","0.07","1.25"
"St_christol",5,"0.00","0.00","0.00"
"St_christol",6,"0.00","0.00","0.00"
"St_christol",7,"0.00","0.00","0.00"
"St_christol",8,"0.00","0.00","0.00"
"St_christol",9,"0.00","0.00","0.00"
"St_christol",10,"0.00","0.00","0.00"
"St_christol",11,"4.60","0.24","3.40"
"St_christol",12,"15.00","1.61","10.57"
"St_christophe_38375001",1,"93.89","49.52","77.60"
"St_christophe_38375001",2,"85.31","65.41","87.75"
"St_christophe_38375001",3,"74.46","54.21","82.81"
"St_christophe_38375001",4,"44.59","17.20","46.85"
"St_christophe_38375001",5,"8.60","0.61","7.84"
"St_christophe_38375001",6,"0.38","0.02","0.44"
"St_christophe_38375001",7,"0.00","0.00","0.00"
"St_christophe_38375001",8,"0.02","0.00","0.00"
"St_christophe_38375001",9,"0.91","0.04","0.76"
"St_christophe_38375001",10,"10.85","0.64","6.93"
"St_christophe_38375001",11,"49.98","6.74","27.00"
"St_christophe_38375001",12,"79.91","26.75","52.36"
"St_christophe_38375400",1,"85.28","38.12","63.92"
"St_christophe_38375400",2,"75.00","55.35","76.00"
"St_christophe_38375400",3,"58.75","46.48","75.17"
"St_christophe_38375400",4,"29.05","10.08","34.14"
"St_christophe_38375400",5,"7.40","0.42","6.00"
"St_christophe_38375400",6,"0.13","0.02","0.31"
"St_christophe_38375400",7,"0.00","0.00","0.00"
"St_christophe_38375400",8,"0.05","0.00","0.00"
"St_christophe_38375400",9,"0.59","0.02","0.59"
"St_christophe_38375400",10,"8.59","0.45","5.24"
"St_christophe_38375400",11,"42.05","5.36","24.85"
"St_christophe_38375400",12,"68.48","21.94","45.83"
"St_colomban_des_villards",1,"79.21","34.54","60.10"
"St_colomban_des_villards",2,"71.75","46.99","69.68"
"St_colomban_des_villards",3,"44.70","27.44","57.67"
"St_colomban_des_villards",4,"28.78","5.20","26.26"
"St_colomban_des_villards",5,"3.69","0.13","2.55"
"St_colomban_des_villards",6,"0.00","0.01","0.18"
"St_colomban_des_villards",7,"0.00","0.00","0.00"
"St_colomban_des_villards",8,"0.00","0.00","0.00"
"St_colomban_des_villards",9,"0.00","0.00","0.00"
"St_colomban_des_villards",10,"4.32","0.20","3.06"
"St_colomban_des_villards",11,"34.07","4.18","19.93"
"St_colomban_des_villards",12,"67.37","17.97","41.00"
"St_etienne_en_devoluy",1,"43.11","12.89","29.56"
"St_etienne_en_devoluy",2,"38.00","15.14","29.79"
"St_etienne_en_devoluy",3,"26.08","5.67","21.44"
"St_etienne_en_devoluy",4,"13.59","0.93","9.55"
"St_etienne_en_devoluy",5,"1.75","0.13","2.38"
"St_etienne_en_devoluy",6,"0.00","0.00","0.05"
"St_etienne_en_devoluy",7,"0.00","0.00","0.00"
"St_etienne_en_devoluy",8,"0.00","0.00","0.00"
"St_etienne_en_devoluy",9,"0.00","0.00","0.00"
"St_etienne_en_devoluy",10,"2.14","0.10","1.36"
"St_etienne_en_devoluy",11,"21.09","2.21","13.64"
"St_etienne_en_devoluy",12,"37.23","8.41","24.05"
"St_francois_long",1,"124.13","51.65","88.04"
"St_francois_long",2,"96.60","71.99","101.16"
"St_francois_long",3,"74.04","56.89","92.00"
"St_hilaire",1,"51.05","9.79","29.35"
"St_hilaire",2,"41.67","12.89","31.13"
"St_hilaire",3,"21.69","4.78","23.50"
"St_hilaire",4,"8.31","0.54","6.00"
"St_hilaire",5,"2.11","0.07","1.78"
"St_hilaire",6,"0.00","0.00","0.00"
"St_hilaire",7,"0.00","0.00","0.00"
"St_hilaire",8,"0.00","0.00","0.00"
"St_hilaire",9,"0.00","0.00","0.00"
"St_hilaire",10,"2.86","0.18","2.29"
"St_hilaire",11,"12.67","1.17","10.44"
"St_hilaire",12,"32.88","6.39","33.29"
"St_jean_d_arves",1,"57.71","22.78","41.64"
"St_jean_d_arves",2,"52.83","26.73","43.08"
"St_jean_d_arves",3,"28.94","8.43","25.56"
"St_jean_d_arves",4,"20.20","0.89","11.05"
"St_jean_d_arves",5,"1.86","0.05","1.32"
"St_jean_d_arves",6,"0.41","0.02","0.64"
"St_jean_d_arves",7,"0.00","0.00","0.00"
"St_jean_d_arves",8,"0.00","0.00","0.00"
"St_jean_d_arves",9,"0.00","0.00","0.00"
"St_jean_d_arves",10,"6.14","0.28","4.00"
"St_jean_d_arves",11,"29.58","2.42","16.79"
"St_jean_d_arves",12,"53.87","12.86","31.07"
"St_jean_de_belleville",1,"59.04","24.73","46.96"
"St_jean_de_belleville",2,"60.88","26.64","56.00"
"St_jean_de_belleville",3,"38.68","8.07","26.16"
"St_jean_de_belleville",4,"18.28","1.71","11.45"
"St_jean_de_belleville",5,"2.15","0.08","1.97"
"St_jean_de_belleville",6,"0.03","0.01","0.16"
"St_jean_de_belleville",7,"0.00","0.00","0.00"
"St_jean_de_belleville",8,"0.00","0.00","0.00"
"St_jean_de_belleville",9,"0.00","0.00","0.00"
"St_jean_de_belleville",10,"2.98","0.13","2.00"
"St_jean_de_belleville",11,"25.40","2.06","14.40"
"St_jean_de_belleville",12,"48.26","10.89","28.65"
"St_martin_de_belleville",1,"78.32","42.33","65.77"
"St_martin_de_belleville",2,"66.81","51.34","75.72"
"St_martin_de_belleville",3,"55.19","30.22","56.68"
"St_martin_de_belleville",4,"34.23","6.02","23.95"
"St_martin_de_belleville",5,"8.30","0.31","5.18"
"St_martin_de_belleville",6,"0.33","0.04","1.18"
"St_martin_de_belleville",7,"0.00","0.00","0.00"
"St_martin_de_belleville",8,"0.00","0.00","0.00"
"St_martin_de_belleville",9,"1.41","0.05","0.89"
"St_martin_de_belleville",10,"12.04","0.74","7.28"
"St_martin_de_belleville",11,"45.33","5.57","24.12"
"St_martin_de_belleville",12,"71.95","24.14","46.80"
"St_michel_de_maurienne",1,"77.23","25.61","51.40"
"St_michel_de_maurienne",2,"65.46","28.08","52.32"
"St_michel_de_maurienne",3,"51.17","10.48","34.41"
"St_michel_de_maurienne",4,"30.82","2.34","16.87"
"St_michel_de_maurienne",5,"6.10","0.22","5.22"
"St_michel_de_maurienne",6,"0.17","0.02","0.50"
"St_michel_de_maurienne",7,"0.00","0.00","0.00"
"St_michel_de_maurienne",8,"0.00","0.00","0.00"
"St_michel_de_maurienne",9,"0.18","0.01","0.13"
"St_michel_de_maurienne",10,"7.93","0.35","4.73"
"St_michel_de_maurienne",11,"39.62","3.72","20.74"
"St_michel_de_maurienne",12,"71.95","14.55","39.25"
"St_pal_en_chal_meallet",1,"33.80","3.28","17.20"
"St_pal_en_chal_meallet",2,"20.40","3.50","14.00"
"St_pal_en_chal_meallet",3,"8.80","0.34","3.20"
"St_pal_en_chal_meallet",4,"2.20","0.01","0.20"
"St_pal_en_chal_meallet",5,"1.40","0.11","3.20"
"St_pal_en_chal_meallet",6,"0.00","0.00","0.00"
"St_pal_en_chal_meallet",7,"0.00","0.00","0.00"
"St_pal_en_chal_meallet",8,"0.00","0.00","0.00"
"St_pal_en_chal_meallet",9,"0.00","0.00","0.00"
"St_pal_en_chal_meallet",10,"14.50","0.65","13.50"
"St_pal_en_chal_meallet",11,"10.25","0.48","3.75"
"St_pal_en_chal_meallet",12,"11.40","1.48","7.40"
"St_paul",1,"72.61","54.90","77.66"
"St_paul",2,"66.13","72.43","93.26"
"St_paul",3,"67.60","61.81","92.20"
"St_paul",4,"43.90","25.31","56.33"
"St_paul",5,"8.46","1.25","8.69"
"St_paul",6,"1.18","0.07","1.26"
"St_paul",7,"0.06","0.00","0.06"
"St_paul",8,"0.00","0.00","0.00"
"St_paul",9,"1.75","0.05","1.19"
"St_paul",10,"16.14","0.99","10.35"
"St_paul",11,"33.33","5.63","20.33"
"St_paul",12,"69.12","29.48","50.86"
"St_pierre_de_chartreuse",1,"143.25","94.42","139.00"
"St_pierre_de_chartreuse",2,"124.61","136.14","164.11"
"St_pierre_de_chartreuse",3,"175.50","177.73","211.50"
"St_sorlin_d_arves_73280001",1,"104.37","56.75","86.48"
"St_sorlin_d_arves_73280001",2,"86.92","77.92","100.65"
"St_sorlin_d_arves_73280001",3,"59.07","61.45","92.18"
"St_sorlin_d_arves_73280001",4,"34.22","17.58","45.74"
"St_sorlin_d_arves_73280001",5,"5.93","0.40","6.07"
"St_sorlin_d_arves_73280001",6,"0.69","0.06","1.38"
"St_sorlin_d_arves_73280001",7,"0.00","0.00","0.00"
"St_sorlin_d_arves_73280001",8,"0.00","0.00","0.00"
"St_sorlin_d_arves_73280001",9,"0.00","0.00","0.00"
"St_sorlin_d_arves_73280001",10,"14.70","0.55","6.89"
"St_sorlin_d_arves_73280001",11,"57.59","7.32","28.93"
"St_sorlin_d_arves_73280001",12,"95.93","29.83","57.33"
"St_sorlin_d_arves_73280402",1,"197.00","125.38","167.00"
"St_sorlin_d_arves_73280402",2,"108.33","142.41","165.00"
"St_sorlin_d_arves_73280402",3,"126.67","162.34","188.33"
"St_veran",1,"58.80","50.12","70.35"
"St_veran",2,"52.70","63.76","83.51"
"St_veran",3,"51.88","57.61","83.02"
"St_veran",4,"53.56","28.58","60.08"
"St_veran",5,"11.79","3.49","17.21"
"St_veran",6,"2.52","0.05","1.48"
"St_veran",7,"0.00","0.00","0.00"
"St_veran",8,"0.00","0.00","0.00"
"St_veran",9,"1.72","0.06","1.28"
"St_veran",10,"21.73","1.68","14.20"
"St_veran",11,"45.32","9.22","25.86"
"St_veran",12,"55.57","29.79","49.33"
"St_veran_rm",1,"53.70","50.24","67.80"
"St_veran_rm",2,"52.60","64.51","80.33"
"St_veran_rm",3,"48.71","57.89","86.43"
"Ste_foy_station",1,"93.53","57.74","85.13"
"Ste_foy_station",2,"67.27","74.17","93.60"
"Ste_foy_station",3,"64.07","64.64","95.53"
"Ste_foy_tarentaise",1,"87.13","39.25","63.59"
"Ste_foy_tarentaise",2,"84.33","48.10","73.83"
"Ste_foy_tarentaise",3,"50.48","26.65","54.54"
"Ste_foy_tarentaise",4,"26.45","5.44","21.06"
"Ste_foy_tarentaise",5,"2.83","0.23","3.45"
"Ste_foy_tarentaise",6,"0.13","0.02","0.50"
"Ste_foy_tarentaise",7,"0.00","0.00","0.00"
"Ste_foy_tarentaise",8,"0.00","0.00","0.00"
"Ste_foy_tarentaise",9,"0.15","0.00","0.10"
"Ste_foy_tarentaise",10,"8.53","0.45","5.79"
"Ste_foy_tarentaise",11,"47.09","5.40","26.40"
"Ste_foy_tarentaise",12,"89.89","23.00","50.91"
"Super_devoluy",1,"70.65","60.97","89.12"
"Super_devoluy",2,"57.12","101.92","120.24"
"Super_devoluy",3,"55.28","98.08","118.22"
"Tende_casterino",1,"86.42","53.38","86.17"
"Tende_casterino",2,"38.64","67.86","85.45"
"Tende_casterino",3,"32.73","39.02","70.00"
"Tende_casterino",4,"33.00","17.53","41.11"
"Tende_casterino",5,"10.50","0.29","6.00"
"Tende_casterino",6,"5.00","0.30","4.00"
"Tende_casterino",7,"0.00","0.00","0.00"
"Tende_casterino",8,"0.00","0.00","0.00"
"Tende_casterino",9,"0.25","0.01","0.25"
"Tende_casterino",10,"3.00","0.18","2.60"
"Tende_casterino",11,"20.30","2.07","12.30"
"Tende_casterino",12,"60.45","19.92","39.82"
"Termignon_clim",1,"50.72","26.34","42.45"
"Termignon_clim",2,"43.72","33.13","46.34"
"Termignon_clim",3,"26.72","15.76","38.07"
"Termignon_clim",4,"12.41","0.81","8.86"
"Termignon_clim",5,"3.21","0.13","3.14"
"Termignon_clim",6,"0.00","0.01","0.40"
"Termignon_clim",7,"0.17","0.01","0.17"
"Termignon_clim",8,"0.00","0.00","0.00"
"Termignon_clim",9,"0.00","0.00","0.00"
"Termignon_clim",10,"5.52","0.27","3.69"
"Termignon_clim",11,"29.17","2.96","15.10"
"Termignon_clim",12,"50.34","14.63","31.31"
"Tignes",1,"130.48","95.66","126.92"
"Tignes",2,"108.68","124.06","149.24"
"Tignes",3,"99.96","135.47","161.40"
"Tignes",4,"65.36","99.87","131.00"
"Tignes",5,"42.00","103.00","154.00"
"Tignes",12,"129.60","52.63","87.00"
"Tignes_brevieres",1,"79.20","44.53","67.00"
"Tignes_brevieres",2,"72.00","62.82","84.00"
"Tignes_brevieres",3,"137.50","75.63","110.00"
"Tignes_brevieres",4,"12.67","15.68","39.33"
"Tignes_brevieres",5,"9.10","0.22","5.40"
"Tignes_brevieres",6,"0.00","0.09","2.67"
"Tignes_brevieres",7,"0.00","0.00","0.00"
"Tignes_brevieres",8,"0.00","0.00","0.00"
"Tignes_brevieres",9,"0.00","0.00","0.00"
"Tignes_brevieres",10,"10.89","0.60","8.00"
"Tignes_brevieres",11,"42.38","4.41","22.88"
"Tignes_brevieres",12,"147.33","45.52","80.83"
"Toulon",1,"0.00","0.00","0.00"
"Toulon",2,"2.50","0.15","1.50"
"Toulon",3,"0.00","0.00","0.00"
"Toulon",4,"0.00","0.00","0.00"
"Toulon",7,"0.00","0.00","0.00"
"Trevignin",1,"23.93","3.43","13.70"
"Trevignin",2,"24.26","5.27","14.81"
"Trevignin",3,"14.04","1.77","9.78"
"Trevignin",4,"6.48","0.24","4.07"
"Trevignin",5,"0.04","0.01","0.15"
"Trevignin",6,"0.00","0.00","0.00"
"Trevignin",7,"0.00","0.00","0.00"
"Trevignin",8,"0.00","0.00","0.00"
"Trevignin",9,"0.00","0.00","0.00"
"Trevignin",10,"0.70","0.03","0.67"
"Trevignin",11,"12.81","0.73","6.22"
"Trevignin",12,"22.30","2.98","13.93"
"Vacheresse_auxi",1,"36.44","9.49","23.72"
"Vacheresse_auxi",2,"38.89","15.37","29.50"
"Vacheresse_auxi",3,"27.94","5.23","22.61"
"Vacheresse_auxi",4,"9.83","0.63","8.78"
"Vacheresse_auxi",5,"0.21","0.01","0.21"
"Vacheresse_auxi",6,"0.00","0.00","0.08"
"Vacheresse_auxi",7,"0.00","0.00","0.00"
"Vacheresse_auxi",8,"0.13","0.00","0.00"
"Vacheresse_auxi",9,"0.00","0.00","0.00"
"Vacheresse_auxi",10,"2.29","0.20","2.50"
"Vacheresse_auxi",11,"15.80","1.68","10.07"
"Vacheresse_auxi",12,"34.19","8.64","23.25"
"Val_casterino",1,"80.19","47.20","78.44"
"Val_casterino",2,"63.14","76.16","100.00"
"Val_casterino",3,"28.78","57.65","86.00"
"Val_casterino",4,"30.70","19.77","46.70"
"Val_casterino",5,"5.00","0.16","2.50"
"Val_casterino",6,"0.00","0.00","0.00"
"Val_casterino",7,"0.00","0.00","0.00"
"Val_casterino",8,"0.00","0.00","0.00"
"Val_casterino",9,"0.00","0.00","0.00"
"Val_casterino",10,"0.33","0.01","0.33"
"Val_casterino",11,"27.25","3.48","18.75"
"Val_casterino",12,"58.50","12.58","44.25"
"Val_cenis_la_berche_",1,"104.13","87.29","110.38"
"Val_cenis_la_berche_",2,"93.44","109.18","133.72"
"Val_cenis_la_berche_",3,"87.44","122.52","144.36"
"Val_cenis_la_berche_",4,"58.00","105.22","136.50"
"Val_d_isere",6,"0.00","0.00","0.00"
"Val_d_isere",7,"0.00","0.00","0.00"
"Val_d_isere",8,"0.00","0.00","0.00"
"Val_d_isere",9,"0.00","0.00","0.00"
"Val_d_isere",11,"46.00","7.47","30.00"
"Val_d_isere_joseray",1,"125.64","90.43","123.20"
"Val_d_isere_joseray",2,"101.72","113.39","137.44"
"Val_d_isere_joseray",3,"89.20","119.90","144.68"
"Val_d_isere_joseray",4,"53.12","76.73","113.28"
"Val_d_isere_joseray",6,"0.00","0.00","0.00"
"Val_d_isere_joseray",7,"0.00","0.00","0.00"
"Val_d_isere_joseray",8,"0.00","0.00","0.00"
"Val_d_isere_joseray",9,"1.13","0.04","0.88"
"Val_d_isere_joseray",10,"12.00","0.92","9.00"
"Val_d_isere_joseray",11,"79.00","18.99","42.50"
"Val_d_isere_joseray",12,"126.52","50.39","85.16"
"Val_frejus",1,"98.21","103.75","128.96"
"Val_frejus",2,"81.21","129.80","153.00"
"Val_frejus",3,"79.17","144.52","164.17"
"Val_frejus",4,"31.50","80.63","115.00"
"Val_thorens",1,"141.07","98.31","131.20"
"Val_thorens",2,"100.47","120.47","144.80"
"Val_thorens",3,"121.13","138.72","163.93"
"Val_thorens",4,"72.87","118.64","148.40"
"Val_thorens",11,"138.00","34.33","60.00"
"Val_thorens",12,"142.79","59.21","89.79"
"Valberg",1,"74.41","58.51","84.12"
"Valberg",2,"54.31","73.45","92.19"
"Valberg",3,"40.60","70.69","100.33"
"Valjouffrey",1,"42.00","15.33","30.56"
"Valjouffrey",2,"32.42","17.81","30.24"
"Valjouffrey",3,"17.84","5.41","18.38"
"Valjouffrey",4,"10.75","0.54","6.81"
"Valjouffrey",5,"1.24","0.05","1.06"
"Valjouffrey",6,"0.00","0.00","0.00"
"Valjouffrey",7,"0.00","0.00","0.00"
"Valjouffrey",8,"0.00","0.00","0.00"
"Valjouffrey",9,"0.00","0.00","0.00"
"Valjouffrey",10,"1.40","0.07","1.20"
"Valjouffrey",11,"16.91","1.62","10.91"
"Valjouffrey",12,"33.51","8.22","23.20"
"Valloire",1,"107.13","83.08","108.13"
"Valloire",2,"72.00","105.73","126.76"
"Valloire",3,"89.29","121.52","144.35"
"Valloire_forest",1,"82.53","33.57","58.72"
"Valloire_forest",2,"69.69","48.47","70.69"
"Valloire_forest",3,"54.09","35.33","60.91"
"Valloire_forest",4,"29.44","8.40","31.34"
"Valloire_forest",5,"6.00","0.21","4.73"
"Valloire_forest",6,"0.21","0.01","0.38"
"Valloire_forest",7,"0.00","0.00","0.00"
"Valloire_forest",8,"0.00","0.00","0.00"
"Valloire_forest",9,"0.54","0.02","0.41"
"Valloire_forest",10,"8.86","0.42","5.51"
"Valloire_forest",11,"39.52","4.00","20.27"
"Valloire_forest",12,"59.36","17.02","35.88"
"Vallorcine",1,"84.94","44.47","75.29"
"Vallorcine",2,"90.11","62.92","88.63"
"Vallorcine",3,"40.05","38.31","73.42"
"Vallorcine",4,"22.65","6.01","22.53"
"Vallorcine",5,"2.57","0.11","2.48"
"Vallorcine",6,"0.31","0.02","0.63"
"Vallorcine",7,"0.00","0.00","0.00"
"Vallorcine",8,"0.00","0.00","0.00"
"Vallorcine",9,"0.22","0.01","0.22"
"Vallorcine",10,"5.55","0.23","3.25"
"Vallorcine",11,"42.44","4.74","22.22"
"Vallorcine",12,"83.67","26.59","51.39"
"Valmeinier",1,"110.36","60.59","94.88"
"Valmeinier",2,"91.44","84.34","114.24"
"Valmeinier",3,"75.36","65.31","106.48"
"Valmeinier",12,"73.40","23.97","51.60"
"Valmorel",1,"115.36","51.32","82.24"
"Valmorel",2,"96.40","72.90","101.36"
"Valmorel",3,"68.60","53.84","89.24"
"Valmorel",11,"4.00","0.20","2.00"
"Valmorel",12,"100.67","24.53","52.67"
"Vaujany",1,"49.43","20.42","38.24"
"Vaujany",2,"36.86","28.54","43.71"
"Vaujany",3,"19.14","13.17","31.95"
"Vaujany",4,"11.14","0.73","7.33"
"Vaujany",5,"0.24","0.01","0.24"
"Vaujany",10,"0.00","0.00","0.00"
"Vaujany",11,"16.48","2.01","11.48"
"Vaujany",12,"36.10","9.36","22.38"
"Vaujany_nivo",1,"111.67","71.20","102.95"
"Vaujany_nivo",2,"101.17","97.43","126.26"
"Vaujany_nivo",3,"84.24","99.64","129.48"
"Vaujany_nivo",12,"110.00","35.42","56.00"
"Villar_loubiere",1,"47.35","23.45","41.77"
"Villar_loubiere",2,"36.62","32.19","46.58"
"Villar_loubiere",3,"20.23","12.32","32.81"
"Villar_loubiere",4,"12.22","0.72","8.56"
"Villar_loubiere",5,"0.58","0.03","0.92"
"Villar_loubiere",6,"0.00","0.00","0.00"
"Villar_loubiere",7,"0.00","0.00","0.00"
"Villar_loubiere",8,"0.00","0.00","0.00"
"Villar_loubiere",9,"0.00","0.00","0.00"
"Villar_loubiere",10,"2.88","0.13","1.96"
"Villar_loubiere",11,"22.96","2.36","15.35"
"Villar_loubiere",12,"39.44","12.69","29.63"
"Villar_st_pancrace",1,"37.92","19.35","35.08"
"Villar_st_pancrace",2,"36.25","22.20","35.33"
"Villar_st_pancrace",3,"17.83","7.93","22.17"
"Villar_st_pancrace",4,"7.00","0.31","4.50"
"Villar_st_pancrace",5,"0.15","0.00","0.15"
"Villar_st_pancrace",6,"0.00","0.00","0.00"
"Villar_st_pancrace",7,"0.00","0.00","0.00"
"Villar_st_pancrace",8,"0.00","0.00","0.00"
"Villar_st_pancrace",9,"0.00","0.00","0.00"
"Villar_st_pancrace",10,"6.17","0.17","3.25"
"Villar_st_pancrace",11,"14.46","1.44","8.92"
"Villar_st_pancrace",12,"43.69","11.39","26.69"
"Villard_bois_barbu_38548403",1,"55.53","13.76","34.95"
"Villard_bois_barbu_38548403",2,"53.00","22.30","40.33"
"Villard_bois_barbu_38548403",3,"35.37","9.00","31.26"
"Villard_bois_barbu_38548403",4,"18.44","1.40","11.50"
"Villard_bois_barbu_38548403",5,"1.12","0.08","1.47"
"Villard_bois_barbu_38548403",6,"0.00","0.00","0.00"
"Villard_bois_barbu_38548403",7,"0.00","0.00","0.00"
"Villard_bois_barbu_38548403",8,"0.00","0.00","0.00"
"Villard_bois_barbu_38548403",9,"0.00","0.00","0.00"
"Villard_bois_barbu_38548403",10,"6.25","0.37","4.25"
"Villard_bois_barbu_38548403",11,"28.62","3.52","18.48"
"Villard_bois_barbu_38548403",12,"45.37","10.15","29.79"
"Villard_cote_2000",1,"122.74","59.97","96.95"
"Villard_cote_2000",2,"100.95","94.25","126.76"
"Villard_cote_2000",3,"88.33","95.33","135.19"
"Villard_de_lans_38548001",1,"56.27","16.95","36.94"
"Villard_de_lans_38548001",2,"50.56","21.50","39.29"
"Villard_de_lans_38548001",3,"42.26","10.79","32.98"
"Villard_de_lans_38548001",4,"23.65","2.64","16.46"
"Villard_de_lans_38548001",5,"1.78","0.10","1.86"
"Villard_de_lans_38548001",6,"0.00","0.00","0.00"
"Villard_de_lans_38548001",7,"0.00","0.00","0.00"
"Villard_de_lans_38548001",8,"0.00","0.00","0.00"
"Villard_de_lans_38548001",9,"0.00","0.00","0.00"
"Villard_de_lans_38548001",10,"3.98","0.28","3.04"
"Villard_de_lans_38548001",11,"25.25","2.82","16.77"
"Villard_de_lans_38548001",12,"43.33","9.64","29.44"
